,Day since infection,"Proba Neut Min
 vs. hihih antigen","Proba Neut Max
 vs. hihih antigen","Proba Neut Min
 vs. hiih antigen","Proba Neut Max
 vs. hiih antigen"
0,1,0.7455283240519273,0.9524950116975849,0.7299169397363835,0.9451004996839742
1,2,0.9116980630352216,0.9915225297114333,0.9012567932568104,0.9891761225101122
2,3,0.9626066242508151,0.9972541920498315,0.9562144385851019,0.9962361363016035
3,4,0.9817534071018017,0.9987434733870276,0.9777448894787741,0.9981863219422692
4,5,0.9900871032642928,0.9992809146883873,0.9874631963916254,0.998921917517869
5,6,0.9941380119137675,0.9995200370022155,0.9923431289578104,0.9992599719374748
6,7,0.9962859104272065,0.9996423625230948,0.995006888691367,0.9994370704561907
7,8,0.9975077439334117,0.9997110643037541,0.9965621115660372,0.9995382836339436
8,9,0.9982443172699829,0.9997520011824111,0.9975217734067786,0.9995993606058968
9,10,0.9987104738909955,0.99977713331457,0.9981419288516384,0.9996371964705872
10,11,0.9990178823985122,0.9997925435985908,0.9985586078853099,0.9996605407918494
11,12,0.999227837294368,0.9998015689145511,0.9988479897186103,0.9996742682441637
12,13,0.9993755963790213,0.9998061556308554,0.9990547092940377,0.9996812611380184
13,14,0.9994822823855726,0.9998074977435454,0.9992059644449377,0.9996833094844252
14,15,0.9995610084747751,0.9998063588476481,0.9993189055625749,0.9996815712260526
15,16,0.9996201748559783,0.9998052562486713,0.9994046783874295,0.9996798890439854
16,17,0.9996653141951062,0.9998072651031497,0.9994707220342114,0.9996829543552201
17,18,0.9997001614149035,0.9998072788477829,0.9995221203670219,0.9996829753357884
18,19,0.9997272935661471,0.9998056323705384,0.9995624211680556,0.9996804628003304
19,20,0.9997430705044585,0.999806766156233,0.9995859807063199,0.9996821928054743
20,21,0.999719975431662,0.9998074977435454,0.9995515251609047,0.9996833094844252
21,22,0.9996927867941166,0.9998068328687741,0.999511210539005,0.9996822946218393
22,23,0.9996611015905539,0.9998061658347903,0.999464534083163,0.9996812767076395
23,24,0.9996244430516507,0.9998073559524753,0.9994108993810202,0.9996830930345858
24,25,0.9995822603749386,0.9998073613509928,0.9993496184892,0.9996831012754395
25,26,0.9995339269061283,0.999806312699576,0.9992799118910533,0.99968150080683
26,27,0.9994787372092102,0.9998070259029134,0.99920090694815,0.9996825892434154
27,28,0.9994159033255833,0.9998074977435454,0.9991116352929456,0.9996833094844252
28,29,0.999344550434003,0.9998070555735543,0.9990110294760104,0.999682634530544
29,30,0.9992637120675525,0.9998057782648657,0.9988979190954327,0.9996806853760958
30,31,0.999172325008793,0.9998037269642056,0.9987710265805345,0.9996775569839838
31,32,0.9990692239622906,0.9998009486555759,0.9986289627659187,0.9996733234673384
32,33,0.9989531360901835,0.9997974788785784,0.9984702223682759,0.9996680420658234
33,34,0.9988226754884459,0.9997933438209214,0.9982931794630022,0.9996617562236607
34,35,0.9986763376770844,0.9997885619422244,0.9980960830477067,0.999654497991569
35,36,0.9985124941754402,0.9997831452434152,0.9978770527732579,0.9996462899150913
36,37,0.9983293872331716,0.9997771002657,0.9976340749189061,0.9996371465293026
37,38,0.9981251247877858,0.9997704288814139,0.9973649986853261,0.9996270755493384
38,39,0.9978976757203125,0.9997631289233886,0.9970675328775837,0.9996160788240078
39,40,0.9976448654815625,0.9997551946880544,0.9967392430485652,0.9996041531034946
40,41,0.9973643721621317,0.9997466173390759,0.9963775491720379,0.9995912906601303
41,42,0.9970537230797055,0.9997373852320794,0.9959797239129579,0.9995774797922631
42,43,0.9967102919571349,0.9997274841763556,0.9955428915607589,0.9995627052345046
43,44,0.9963312967640652,0.9997168976458919,0.9950640276889846,0.9995469484925417
44,45,0.9959137982935068,0.9997056069494175,0.9945399596016773,0.9995301881168036
45,46,0.9954546995425608,0.9996935913670848,0.9939673676233313,0.999512399926292
46,47,0.9949507459634923,0.9996808282598422,0.9933427872849081,0.9994935571915688
47,48,0.9943985266474408,0.9996672931563212,0.9926626124533697,0.9994736307841028
48,49,0.9937944764982466,0.9996529598211145,0.9919230994463989,0.9994525892977679
49,50,0.9931348794481525,0.9996378003075675,0.9911203721674622,0.999430399147185
50,51,0.9924158727605118,0.9996217849976192,0.9902504282891457,0.9994070246467186
51,52,0.9916334524571488,0.9996048826307609,0.9893091465048077,0.9993824280732496
52,53,0.9907834798996958,0.9995870603238063,0.9882922948600982,0.9993565697152866
53,54,0.9898616895451606,0.9995682835828731,0.9871955401668643,0.9993294079105317
54,55,0.9888636978862188,0.9995485163087295,0.9860144584924809,0.9993008990736584
55,56,0.9877850135763867,0.9995277207964747,0.9847445467078053,0.9992709977157676
56,57,0.9866210487294063,0.9995058577303557,0.9833812350668665,0.9992396564567465
57,58,0.985367131370995,0.9994828861744052,0.9819199007811752,0.9992068260315683
58,59,0.9840185190097044,0.9994587635594699,0.9803558825412961,0.9991724552914033
59,60,0.9825704132821278,0.999433445667125,0.9786844959281931,0.9991364912002888
60,61,0.9810179756162514,0.9994068866108884,0.9769010496469606,0.9990988788279914
61,62,0.979356343845493,0.9993790388151009,0.9750008625060261,0.9990595613396082
62,63,0.9775806496950766,0.9993498529917811,0.9729792810558687,0.9990184799823788
63,64,0.9756860370519865,0.9993192781157315,0.970831697792879,0.9989755740701171
64,65,0.9736676809199871,0.9992872613981325,0.9685535698262957,0.9989307809656183
65,66,0.9715208069522111,0.9992537482588403,0.9661404378993103,0.9988840360613568
66,67,0.969240711445745,0.9992186822975733,0.9635879456495268,0.9988352727587496
67,68,0.9668227816755918,0.9991820052641599,0.9608918589890914,0.9987844224462303
68,69,0.9642625164394687,0.9991436570279993,0.9580480854810401,0.9987314144763536
69,70,0.9615555466802037,0.9991035755468749,0.9550526935858152,0.9986761761421251
70,71,0.9586976560490785,0.9990616968352479,0.9519019316505072,0.9986186326527364
71,72,0.9556848012714184,0.9990179549321511,0.9485922465132399,0.9985587071088625
72,73,0.9525131321750453,0.9989722818687893,0.9451203015962146,0.9984963204776736
73,74,0.9491790112429463,0.9989246076359536,0.9414829943632875,0.9984313915676925
74,75,0.9456790325536404,0.9988748601513432,0.9376774730215333,0.9983638370036257
75,76,0.9420100399762295,0.9988229652268887,0.9337011523510176,0.9982935712012827
76,77,0.9381691444919759,0.9987688465361644,0.9295517285529027,0.9982205063426931
77,78,0.9341537405203715,0.9987124255819746,0.9252271930129814,0.998144552351524
78,79,0.9299615211349969,0.9986536216641944,0.9207258448856832,0.9980656168688936
79,80,0.9255904920629164,0.9985923518479446,0.9160463024124398,0.997983605229673
80,81,0.9210389843708067,0.9985285309321784,0.9111875128979139,0.9978984204393636
81,82,0.9163056657513579,0.998462071418752,0.9061487612778938,0.9978099631516332
82,83,0.9113895503345942,0.9983928834820563,0.9009296772234858,0.9977181316465915
83,84,0.9062900069604884,0.9983208749392791,0.8955302407374989,0.9976228218098822
84,85,0.9010067658614642,0.9982459512213695,0.8899507862104641,0.9975239271126662
85,86,0.8955399237159303,0.9981680153447748,0.8841920049154383,0.9974213385925681
86,87,0.8898899470467482,0.9980869678840192,0.8782549459324823,0.9973149448356566
87,88,0.8840576739513237,0.9980027069451916,0.8721410155053462,0.997204631959527
88,89,0.8780443141627234,0.9979151281404115,0.8658519748443092,0.9970902835975525
89,90,0.8718514474536911,0.9978241245633389,0.8593899364002235,0.996971780884368
90,91,0.865481020407551,0.9977295867657953,0.8527573586454296,0.9968490024426526
91,92,0.8589353415916221,0.9976314027355613,0.8459570394073285,0.996721824371269
92,93,0.8522170751798082,0.9975294578754167,0.838992107809837,0.9965901202348236
93,94,0.8453292330813775,0.9974236349834861,0.8318660148867089,0.9964537610547043
94,95,0.838275165642524,0.997313814234956,0.8245825229386614,0.9963126153016549
95,96,0.8310585509960075,0.997199873165226,0.81714569371337,0.9961665488899432
96,97,0.8236833831419892,0.997081686654556,0.8095598754936381,0.9960154251731748
97,98,0.8161539588500082,0.9969591269142732,0.8018296891843755,0.9958591049418118
98,99,0.8084748634778958,0.9968320634745984,0.7939600134934155,0.9956974464224441
99,100,0.8006509558082564,0.996700363174153,0.7859559693046595,0.9955303052788657
100,101,0.7926873520069491,0.9965638901512057,0.7778229033445565,0.9953575346150081
101,102,0.7845894088107919,0.9964225058367182,0.7695663712445285,0.9951789849797761
102,103,0.7763627060535092,0.9962760689492466,0.7611921201026581,0.9949945043738334
103,104,0.7680130286397491,0.9961244354917553,0.7527060706477929,0.9948039382583848
104,105,0.7595463480768911,0.9959674587503987,0.7441142991082519,0.9946071295659964
105,106,0.750968803673351,0.9958049892953237,0.7354230188855564,0.9944039187134978
106,107,0.7422866835102553,0.9956368749835478,0.7266385621311573,0.9941941436170038
107,108,0.7335064052907414,0.9954629609639611,0.7177673613209862,0.9939776397090974
108,109,0.7246344971678195,0.9952830896845042,0.7088159309189572,0.9937542399582079
109,110,0.7156775786477739,0.9950971009015676,0.6997908492162905,0.9935237748902193
110,111,0.7066423416615459,0.9949048316916618,0.6906987404288131,0.9932860726123429
111,112,0.6975355318915404,0.9947061164653995,0.6815462571293207,0.9930409588392829
112,113,0.6883639304358382,0.9945007869838347,0.6723400630866287,0.9927882569217241
113,114,0.6791343358860427,0.9942886723771974,0.6630868165772941,0.9925277878771691
114,115,0.6698535468889252,0.994069599166064,0.653793154230112,0.992259370423146
115,116,0.6605283452557897,0.9938433912849981,0.6444656754574963,0.9919828210128121
116,117,0.6511654796771144,0.9936098701086977,0.6351109275218136,0.9916979538729691
117,118,0.6417716500935651,0.9933688544806771,0.6257353912786574,0.9914045810445089
118,119,0.6323534927680546,0.9931201607445169,0.616345467633048,0.9911025124253039
119,120,0.6229175660971107,0.9928636027777052,0.606947464738606,0.9907915558155522
120,121,0.6134703371935386,0.9925989920280957,0.5975475859639667,0.9904715169655889
121,122,0.6040181692662285,0.9923261375530038,0.5881519186450939,0.9901421996261672
122,123,0.59456730981701,0.99204484606096,0.5787664236367498,0.989803405601215
123,124,0.5851238796687523,0.991754921956134,0.5693969256712306,0.9894549348030677
124,125,0.5756938628334534,0.9914561673854454,0.5600491045275844,0.9890965853101726
125,126,0.5662830972239046,0.9911483822883687,0.5507284870099389,0.9887281534272643
126,127,0.556897266207667,0.9908313644494401,0.5414404397292696,0.9883494337479988
127,128,0.5475418909975673,0.9905049095534705,0.5321901626789669,0.9879602192200391
128,129,0.5382223238687541,0.9901688112434631,0.5229826835909226,0.9875603012125762
129,130,0.5289437421884922,0.9898228611812366,0.5138228530555207,0.9871494695862703
130,131,0.5197111432414223,0.9894668491107438,0.504715340385957,0.9867275127655905
131,132,0.5105293398298569,0.9891005629240798,0.4956646302046377,0.986294217813533
132,133,0.5014029566259155,0.9887237887301658,0.48667501972708893,0.9858493705086891
133,134,0.49233642724985893,0.9883363109260926,0.4777506167167894,0.9853927554246362
134,135,0.48333399204688854,0.9879379122711055,0.46889533808264083,0.9849241560116174
135,136,0.4743996965328906,0.9875283739632054,0.4601129090893753,0.9844433546804778
136,137,0.46553739047814846,0.9871074757183435,0.4514068631500767,0.9839501328888165
137,138,0.4567507275968744,0.9866749958521777,0.4427805421691362,0.9834442712293147
138,139,0.4480431658095375,0.9862307113643581,0.43423709740336025,0.9829255495201945
139,140,0.43941796804432676,0.9857743980253049,0.42577949080857236,0.9823937468977632
140,141,0.4308782035437422,0.9853058304654394,0.4174104968389173,0.98184864191099
141,142,0.42242674964214677,0.9848247822668256,0.40913270466612106,0.9812900126180643
142,143,0.4140662939801908,0.9843310260571722,0.40094852078620247,0.9807176366848783
143,144,0.40579933712228733,0.9838243336061493,0.39286017198154677,0.9801312914853756
144,145,0.3976281955437483,0.9833044759239636,0.38486970860680303,0.9795307542037028
145,146,0.3895550049547959,0.9827712233621353,0.3769790081677691,0.9789158019381016
146,147,0.3815817239293935,0.9822243457164176,0.3691897791632369,0.9782862118064707
147,148,0.3737101378077017,0.9816636123317952,0.36150356516068605,0.9776417610535317
148,149,0.36594186284192454,0.9810887922094949,0.3539217490777167,0.9769822271595231
149,150,0.35827835055637125,0.9804996541159379,0.34644555764219176,0.9763073879503479
150,151,0.350720892293681,0.9798959666935638,0.3390760660051889,0.9756170217090988
151,152,0.3432706239203517,0.9792774985734471,0.3318142024820516,0.9749109072888794
152,153,0.3359285306659523,0.9786440184896295,0.3246607533980448,0.9741888242268393
153,154,0.3286954520716725,0.9779952953950862,0.3176163680163656,0.9734505528593389
154,155,0.32157208702515716,0.9773310985792426,0.3106815635275165,0.9726958744381583
155,156,0.31455899885989114,0.9766511977869528,0.30385673008031355,0.9719245712476594
156,157,0.30765662049871445,0.9759553633388509,0.29714213583606197,0.9711364267228128
157,158,0.3008652596223603,0.9752433662529859,0.2905379320286857,0.9703312255679958
158,159,0.2941851038452111,0.9745149783676406,0.28404415801482785,0.9695087538764683
159,160,0.2876162258817472,0.973769972465243,0.27766074629914816,0.9686687992504305
160,161,0.281158588688426,0.9730081223972683,0.27138752752123874,0.9678111509215652
161,162,0.274812050566953,0.9722292032100326,0.26522423539171236,0.9669355998719663
162,163,0.26857637021610303,0.9714329912712736,0.2591705115661518,0.9660419389553535
163,164,0.26245121172040575,0.9706192643974161,0.2532259104466701,0.9651299630184733
164,165,0.2564361494651205,0.9697878019814151,0.24738990390187232,0.9641994690225828
165,166,0.250530672968002,0.9689383851210686,0.2416618858970031,0.9632502561649147
166,167,0.24473419161938048,0.9680707967476916,0.23604117702700067,0.9622821260000193
167,168,0.23904603932305724,0.9671848217550414,0.23052702894608856,0.9612948825608808
168,169,0.23346547903144432,0.9662802471283822,0.22511862868837795,0.9602883324797007
169,170,0.22799170716926087,0.965356862073577,0.2198151028747647,0.9592622851082453
170,171,0.22262385794092987,0.9644144581460934,0.21461552180216448,0.9582165526376523
171,172,0.2173610075175949,0.9634528293798115,0.2095189034118352,0.9571509502175893
172,173,0.21220217810041941,0.9624717724155154,0.20452421713420554,0.9560652960746616
173,174,0.2071463418575047,0.9614710866289586,0.19963038760824392,0.9549594116299611
174,175,0.2021924247324135,0.9604505742583854,0.1948362982739842,0.9538331216156545
175,176,0.1973393101228723,0.9594100405313933,0.19014079483735113,0.9526862541905052
176,177,0.1925858424287653,0.9583492937910241,0.18554268860691625,0.9515186410542252
177,178,0.18793083046905867,0.9572681456209658,0.18104075970267897,0.9503301175605539
178,179,0.18337305076773325,0.9561664109697545,0.17663376013736187,0.9491205228289624
179,180,0.1789112507092393,0.9550439082738591,0.1723204167710921,0.9478896998548821
180,181,0.17454415156437142,0.9539004595795392,0.16809943414068385,0.9466374956183563
181,182,0.17027045138780783,0.9527358906633618,0.16396949716503595,0.9453637611910186
182,183,0.16608882778886214,0.9515500311512674,0.15992927372842514,0.9440683518412978
183,184,0.16199794057729422,0.950342714636073,0.15597741714373792,0.9427511271377562
184,185,0.15799643428625665,0.9491137787933073,0.15211256849787558,0.9414119510504655
185,186,0.15408294057468674,0.9478630654952664,0.14833335888177224,0.9400506920503279
186,187,0.15025608051163342,0.946590420923188,0.14463841150761314,0.938667223206252
187,188,0.1465144667451882,0.945295695677438,0.14102634371599465,0.9372614222800963
188,189,0.14285670555881214,0.9439787448856076,0.1374957688758638,0.9358331718192913
189,190,0.13928139881798685,0.9426394283084227,0.1340452981801894,0.9343823592470568
190,191,0.13578714581020712,0.941277610443364,0.13067354234038497,0.9329088769501351
191,192,0.13237254498141138,0.939893160625906,0.127379113182566,0.9314126223639551
192,193,0.12903619557200574,0.9384859531282783,0.1241606251487607,0.9298934980551553
193,194,0.12577669915568312,0.93705586725566,0.12101669670623227,0.9283514118013895
194,195,0.12259266108427302,0.9356027874397186,0.11794595166808253,0.9267862766683413
195,196,0.11948269184185722,0.9341266033294063,0.11494702042830152,0.9251980110838827
196,197,0.1164454083114056,0.932627209878934,0.11201854111443121,0.9235865389093058
197,198,0.1134794349571685,0.931104507432839,0.10915916066098685,0.9219517895075695
198,199,0.11058340492604368,0.9295584018080725,0.10636753580675218,0.9202936978084961
199,200,0.10775596107111063,0.9279888043730323,0.10364233401903111,0.9186122043708645
200,201,0.10499575690047891,0.9263956321234694,0.100982234347891,0.9169072554413441
201,202,0.10230145745457264,0.924778807755201,0.09838592821339698,0.9151788030102185
202,203,0.09967174011489643,0.9231382597335676,0.09585212012876021,0.9134268048638531
203,204,0.09710529534729406,0.9214739223595703,0.09337952836228713,0.9116512246338611
204,205,0.09460082738263831,0.9197857358326356,0.0909668855409348,0.9098520318429264
205,206,0.09215705483783343,0.9180736463099488,0.088612939198225,0.9080292019472482
206,207,0.08977271127992725,0.9163376059623107,0.08631645226918605,0.9061827163755709
207,208,0.08744654573608035,0.914577573026468,0.0840762035349305,0.9043125625647693
208,209,0.08517732315204851,0.9127935118538764,0.08189098801939765,0.902418733991964
209,210,0.08296382480176323,0.9109853929558553,0.07975961734071435,0.9005012302031394
210,211,0.08080484865052295,0.9091531930451039,0.07768092001955162,0.8985600568382478
211,212,0.07869920967421795,0.9072968950735377,0.07565374174677508,0.8965952256527802
212,213,0.07664574013694947,0.9054164882664301,0.07367694561261995,0.8946067545357936
213,214,0.07464328982930246,0.9035119681528228,0.07174941229952359,0.892594667524381
214,215,0.0726907262694736,0.901583336592195,0.06987004024069499,0.8905589948145821
215,216,0.07078693486936116,0.8996306017973693,0.06803774574640398,0.8884997727687296
216,217,0.06893081906765541,0.8976537783536421,0.06625146309991314,0.8864170439192316
217,218,0.06712130043188047,0.8956528872341339,0.0645101446248838,0.8843108569687965
218,219,0.0653573187312727,0.8936279558113498,0.06281276072603126,0.8821812667871052
219,220,0.06363783198229678,0.8915790178649527,0.061158299904717106,0.8800283344039443
220,221,0.06196181646852661,0.889506113585749,0.05954576875110018,0.8778521269988123
221,222,0.06032826673655556,0.8874092895758967,0.05797419191440634,0.8756527178870186
222,223,0.05873619556951104,0.8852885988453416,0.05644261205279111,0.8734301865022932
223,224,0.057184633939698526,0.8831441008045002,0.054950089764221444,0.8711846183759361
224,225,0.05567263094181396,0.8809758612532017,0.0534957034997221,0.8689161051125274
225,226,0.05419925370811496,0.8787839523659147,0.05207854946028512,0.8666247443622351
226,227,0.05276358730685882,0.8765684526732794,0.05069774147866313,0.8643106397897482
227,228,0.051364734625267805,0.8743294470399748,0.04935241088722009,0.8619739010398751
228,229,0.050001816238212315,0.8720670266389523,0.04804170637294991,0.8596146436998465
229,230,0.04867397026375164,0.8697812889220691,0.046764793820723516,0.8572329892583619
230,231,0.04738035220660142,0.8674723375871598,0.04552085614575674,0.8548290650614293
231,232,0.04612013479056187,0.865140282541589,0.04430909311626219,0.8524030042650416
232,233,0.044892507780870505,0.8627852398623244,0.043128721167177475,0.8499549457847423
233,234,0.04369667779740194,0.8604073317525819,0.04197897320582622,0.8474850342421323
234,235,0.04253186811958076,0.858006686495091,0.04085909841031554,0.8449934199083737
235,236,0.04139731848384043,0.855583438402033,0.039768362021436965,0.8424802586447473
236,237,0.04029228487438952,0.8531377277617069,0.03870604512878051,0.8399457118403241
237,238,0.039216039308041295,0.8506697007819845,0.03767144445175441,0.8373899463468133
238,239,0.038167869613776495,0.8481795095306099,0.036663872116133644,0.8348131344106501
239,240,0.037147079207707545,0.8456673118724136,0.035682655426751086,0.8322154536023897
240,241,0.03615298686405255,0.8431332714034996,0.03472713663689031,0.8295970867434751
241,242,0.035184926482693446,0.8405775573824792,0.033796672714910825,0.8269582218304502
242,243,0.03424224685386579,0.8380003446588175,0.03289063510860868,0.8242990519566861
243,244,0.03332431142048442,0.835401813598368,0.03200840950777273,0.8216197752316979
244,245,0.03243049803858278,0.8327821500061652,0.031149395605376995,0.8189205946981235
245,246,0.03156019873631588,0.8301415450465566,0.030313006857820235,0.8162017182464419
246,247,0.030712819471932384,0.8274801951607444,0.029498670244582637,0.8134633585275073
247,248,0.029887779891121236,0.8247983019818239,0.028705826027671133,0.8107057328629772
248,249,0.029084513084079222,0.8220960722473932,0.027933927511167522,0.8079290631537172
249,250,0.028302465342651684,0.819373717709819,0.027182440801200358,0.8051335757862569
250,251,0.02754109591784737,0.8166314550442424,0.02645084456661473,0.8023195015373858
251,252,0.02679987677802742,0.8138695057544063,0.02573862980061059,0.799487075476964
252,253,0.02607829236803505,0.8110880960763944,0.025045299583591696,0.7966365368690365
253,254,0.02537583936951593,0.8082874568803635,0.024370368847449364,0.7937681290713313
254,255,0.024692026462657446,0.8054678235703612,0.023713364141489057,0.7908820994332267
255,256,0.024026374089560876,0.8026294359823116,0.023073823400189486,0.7879786991922696
256,257,0.023378414219440424,0.7997725382802658,0.02245129571296789,0.7850581833693347
257,258,0.02274769011582689,0.7968973788509965,0.02184534109611347,0.7821208106625038
258,259,0.022133756105936597,0.7940042101970354,0.021255530267026645,0.7791668433397527
259,260,0.02153617735235891,0.791093288828237,0.02068144442090436,0.7761965471305318
260,261,0.020954529627191576,0.7881648751519641,0.020122675009982993,0.7732101911163222
261,262,0.020388399088745346,0.7852192333619803,0.019578823525446265,0.770208047620256
262,263,0.01983738206093455,0.7822566313261432,0.019049501282099146,0.7671903920958796
263,264,0.019301084815436242,0.7792773404729899,0.018534329205880495,0.7641575030151526
264,265,0.018779123356723937,0.776281635677298,0.018032937624305134,0.7611096617557547
265,266,0.01827112321003388,0.7732697951447209,0.017544966059882428,0.7580471524877956
266,267,0.017776719212344916,0.7702421002955795,0.017070063026584648,0.7549702620600014
267,268,0.017295555306423016,0.7671988356479037,0.016607885829401425,0.7518792798854643
268,269,0.016827284337980863,0.7641402886998091,0.01615810036702614,0.7487744978270349
269,270,0.016371567855997804,0.7610667498112984,0.015720380937707445,0.7456562100824372
270,271,0.015928075916230355,0.7579785120855748,0.015294410048290241,0.7425247130691889
271,272,0.01549648688794314,0.7548758712499506,0.014879878226468746,0.7393803053093995
272,273,0.015076487263884109,0.751759125536442,0.014476483836265985,0.7362232873145311
273,274,0.014667771473512503,0.7486285755621256,0.014083932896745366,0.7330539614701908
274,275,0.01427004169949786,0.7454845242093524,0.01370193890396465,0.7298726319210371
275,276,0.013883007697487626,0.7423272765058863,0.013330222656165569,0.7266796044558685
276,277,0.013506386619146826,0.7391571395050629,0.01296851208219596,0.7234751863929711
277,278,0.013139902838465778,0.7359744221660369,0.012616542073158765,0.7202596864657926
278,279,0.012783287781326091,0.7327794352342054,0.012274054317271244,0.7170334147090209
279,280,0.012436279758307411,0.7295724911218767,0.01194079713791485,0.7137966823451238
280,281,0.0120986238007319,0.7263539037892658,0.011616525334869121,0.710549801671429
281,282,0.011770071499913382,0.7231239886258889,0.011301000028691277,0.7072930859478026
282,283,0.011450380849596598,0.7198830623324302,0.010993988508229524,0.7040268492849944
283,284,0.011139316091561713,0.7166314428031493,0.010695264081236,0.700751406533709
284,285,0.010836647564361201,0.7133694490089052,0.010404605928048927,0.697467073174469
285,286,0.010542151555168355,0.7100974008808585,0.010121798958321326,0.6941741652083242
286,287,0.010255610154698114,0.7068156191949213,0.009846633670751004,0.6908729990484686
287,288,0.00997681111516846,0.7035244254570187,0.009578906015783817,0.6875638914128197
288,289,0.009705547711274076,0.7002241417892252,0.009318417261257705,0.6842471592176147
289,290,0.009441618604121182,0.6969150908168358,0.00906497386093541,0.6809231194720751
290,291,0.009184827708104581,0.6935975955564344,0.008818387325907673,0.6775920891741962
291,292,0.008934984060669726,0.6902719793050109,0.008578474098805633,0.6742543852077001
292,293,0.008691901694932058,0.6869385655301894,0.00834505543079933,0.6709103242402115
293,294,0.008455399515107431,0.683597677761616,0.008117957261330577,0.6675602226226925
294,295,0.008225301174712318,0.680249639483562,0.007897010100540558,0.664204396290188
295,296,0.008001434957491171,0.676894774028789,0.007682048914351314,0.6608431606639146
296,297,0.007783633661029521,0.6735334044737267,0.007472913012156135,0.6574768305547443
297,298,0.007571734483008297,0.670165853535007,0.0072694459370766795,0.6541057200681097
298,299,0.00736557891005496,0.666792443467402,0.007071495358742408,0.6507301425103785
299,300,0.007165012609147592,0.6634134959632058,0.006878912968547368,0.6473504102967237
300,301,0.006969885321528313,0.6600293320530979,0.006691554377343034,0.6439668348605245
301,302,0.006780050759082834,0.6566402720085363,0.006509279015522784,0.6405797265643352
302,303,0.00659536650313608,0.6532466352457016,0.006331950035449396,0.637189394612439
303,304,0.006415693905629127,0.6498487402310444,0.0061594342161900295,0.6337961469650306
304,305,0.006240897992623284,0.6464469043884523,0.005991601870507179,0.630400290254036
305,306,0.006070847370091781,0.6430414440080798,0.00582832675406586,0.6270021297006095
306,307,0.005905414131958331,0.6396326741568623,0.005669485976814825,0.6236019690343186
307,308,0.005744473770328717,0.6362209085907451,0.005514959916493201,0.6202001104140442
308,309,0.005587905087885092,0.6328064596686525,0.005364632134229219,0.616796854350613
309,310,0.005435590112389255,0.6293896382682174,0.005218389292178771,0.6133924996311786
310,311,0.00528741401325572,0.6259707537032969,0.005076121073167461,0.6099873432453674
311,312,0.005143265020153942,0.6225501136432913,0.0049377201022947625,0.6065816803132048
312,313,0.0050030343435948366,0.6191280240342858,0.004803081870455972,0.6031758040148335
313,314,0.0048666160974631945,0.6157047890220291,0.004672104659746323,0.5997700055220317
314,315,0.004733907223450129,0.6122807108767677,0.0045446894706991925,0.5963645739315462
315,316,0.004604807417348145,0.6088560899199418,0.0044207399513271906,0.5929597962002413
316,317,0.0044792190571733,0.6054312244527638,0.004300162327925516,0.5895559570820785
317,318,0.004357047133061176,0.6020064106866778,0.00418286533758927,0.5861533390669208
318,319,0.004238199178914881,0.598581942675718,0.0040687601624228575,0.5827522223211756
319,320,0.004122585205753482,0.5951581122507644,0.003957760365391971,0.5793528846302703
320,321,0.004010117636727872,0.5917352089557087,0.0038497818277822837,0.5759556013429667
321,322,0.003900711243768007,0.5883135199855252,0.0037447426882359913,0.5725606453175092
322,323,0.003794283085822747,0.5848933301262526,0.0036425632833229082,0.5691682868696046
323,324,0.0036907524486557985,0.5814749216968917,0.003543166089613692,0.5657787937222373
324,325,0.003590040786164539,0.5780585744932079,0.0034464756672221153,0.5623924309573042
325,326,0.003492071663183438,0.5746445657334454,0.0033524186047785287,0.5590094609690726
326,327,0.003396770699741314,0.5712331700059419,0.00326092346580642,0.5556301434194477
327,328,0.003304065516735566,0.5678246592186456,0.003171920736464995,0.5522547351950471
328,329,0.0032138856829931894,0.5644193025505244,0.0030853427746277973,0.5488834903660689
329,330,0.0031261626636821527,0.5610173664048581,0.0030011237602644014,0.5455166601469437
330,331,0.003040829770047382,0.5576191143644078,0.0029191996470980808,0.5421544928587605
331,332,0.0029578221104292757,0.5542248071484542,0.0028395081154990454,0.5387972338934537
332,333,0.0028770765425516487,0.5508347025716881,0.0027619885266020328,0.5354451256797371
333,334,0.002798531627025147,0.5474490555049446,0.0026865818775948513,0.5320984076507698
334,335,0.0027221275820624724,0.5440681178377713,0.0026132307581727687,0.528757316213543
335,336,0.0026478062393540114,0.540692138442806,0.0025418793081133373,0.5254220847199644
336,337,0.002575511001090325,0.5373213631419617,0.002472473175953338,0.5220929434396321
337,338,0.0025051867980986353,0.5339560346743922,0.0024049594787406425,0.5187701195342719
338,339,0.0024367800490636693,0.5305963926662274,0.002339286762828796,0.515453837033826
339,340,0.0023702386208096504,0.5272426736020583,0.0022754049656945607,0.51214431681417
340,341,0.002305511789617909,0.5238951107981528,0.00221326537875155,0.508841776576441
341,342,0.0022425502035513523,0.5205539343773851,0.0021528206111345316,0.505546430827954
342,343,0.0021813058457645917,0.5172193712458566,0.0020940245544309732,0.5022584908646881
343,344,0.0021217319987703043,0.5138916450711861,0.002036832348333961,0.49897816475531753
344,345,0.0020637832096436215,0.5105709762624524,0.0019812003471988415,0.4957056573267693
345,346,0.0020074152561389003,0.507257581951762,0.0019270860874757156,0.4924411701512813
346,347,0.001952585113692673,0.5039516759774243,0.001874448255997141,0.48918490153494
347,348,0.0018992509232977905,0.5006534688687039,0.0018232466591021623,0.4859370465076711
348,349,0.0018473719602177807,0.4973631678321364,0.0017734421925703625,0.4826977968146655
349,350,0.0017969086035299897,0.4940809767393721,0.0017249968123526083,0.47946734090920606
350,351,0.001747822306467306,0.49080709611653095,0.0016778735060702932,0.4762458639468804
351,352,0.0017000755675472545,0.48754172313504185,0.0016320362652714193,0.47303354778114937
352,353,0.0016536319024575974,0.48428505160393476,0.0015874500584160955,0.4698305709602434
353,354,0.0016084558166910012,0.4810372719635738,0.001544080804580128,0.4666371087253717
354,355,0.0015645127789013502,0.47779857128078485,0.0015018953478551644,0.46345333301020175
355,356,0.0015217691949670487,0.47456913324536987,0.00146086143242663,0.4602794124415982
356,357,0.0014801923827382213,0.47134913816797164,0.0014209476783119124,0.45711551234158954
357,358,0.0014397505474618155,0.46813876297926116,0.0013821235577479163,0.45396179473052944
358,359,0.0014004127578510772,0.4649381812304252,0.001344359372199233,0.4508184183314382
359,360,0.0013621489227964023,0.46174756309492326,0.0013076262299847041,0.447685538575488
360,361,0.0013249297686940276,0.458567075371487,0.0012718960244949562,0.4445633076086095
361,362,0.0012887268173799038,0.45539688148833424,0.0012371414129944691,0.4414518742991922
362,363,0.0012535123646465474,0.4522371415085703,0.0012033357959828628,0.43835138424685005
363,364,0.0012192594593413153,0.4490880121367484,0.0011704532971155146,0.4352619797922287
364,365,0.0011859418830130197,0.44594964672656,0.0011384687436511998,0.43218380002782375
365,366,0.001153534130109879,0.44282219528962974,0.001107357647429863,0.4291169808097859
366,367,0.0011220113887004945,0.4397058045053822,0.0010770961863535433,0.4260616547706837
367,368,0.0010913495217151903,0.4366006177319617,0.0010476611863664553,0.4230179513332022
368,369,0.0010615250486852856,0.4335067750181608,0.0010190301039145755,0.41998599672474013
369,370,0.0010325151279747535,0.4304244131163504,0.0009911810088789608,0.4169659139928934
370,371,0.0010042975394822795,0.4273536654963669,0.0009640925679594847,0.4139578230217873
371,372,0.0009768506678159428,0.4242946623603332,0.0009377440285145422,0.410961840549233
372,373,0.0009501534859089888,0.42124753065839404,0.0009121152028238599,0.40797808018468984
373,374,0.0009241855390834663,0.4182123941053235,0.0008871864527814077,0.40500665242799416
374,375,0.0008989269295356372,0.415189373197992,0.0008629386749949841,0.4020476646888427
375,376,0.0008743583012417178,0.41217858523365325,0.0008393532862879249,0.39910122130699366
376,377,0.0008504608252697388,0.40918014432903427,0.0008164122095927207,0.3961674235731677
377,378,0.0008272161854815385,0.40619416144019493,0.0007940978602181126,0.39324636975061955
378,379,0.000804606564625665,0.4032207443831326,0.000772393132493221,0.3903381550973569
379,380,0.0007826146307989834,0.4002599978551048,0.0007512813867648349,0.3874428718889795
380,381,0.0007612235242770993,0.39731202345664907,0.0007307464367496408,0.38456060944212134
381,382,0.000740416844697056,0.39437691971426236,0.0007107725372244023,0.3816914541384585
382,383,0.0007201786385855335,0.3914547821037284,0.0006913443720488743,0.37883548944927437
383,384,0.0007004933872234442,0.38854570307405667,0.0006724470425117923,0.37599279596054547
384,385,0.0006813459948397105,0.38564977207201445,0.000654066055991831,0.3731634513985336
385,386,0.0006627217771204563,0.38276707556722367,0.000636187314923431,0.3703475306558548
386,387,0.0006446064500297277,0.37989769707780063,0.0006187971060612751,0.36754510581800814
387,388,0.0006269861189328596,0.37704171719651136,0.0006018820900346444,0.3647562461903371
388,389,0.0006098472680112765,0.3741992136174245,0.0005854292911825487,0.36198101832540575
389,390,0.0005931767499668394,0.3713702611630302,0.0005694260876675239,0.3592194860507646
390,391,0.0005769617760015278,0.36855493181180876,0.0005538602018525518,0.3564717104970856
391,392,0.0005611899060676828,0.3657532947262244,0.0005387196909387715,0.35373775012664876
392,393,0.0005458490393847049,0.36296541628111856,0.000523992937859652,0.3510176607621531
393,394,0.0005309274052103241,0.36019136009248587,0.0005096686424185259,0.3483114956158392
394,395,0.000516413553861117,0.35743118704660615,0.0004957358126655986,0.34561930531889495
395,396,0.0005022963479770493,0.3546849553295165,0.0004821837565106568,0.34294113795113623
396,397,0.0004885649540250503,0.35195272045679615,0.00046900207356437296,0.34027703907093
397,398,0.0004752088340247429,0.3492345353036488,0.00045618064719266105,0.33762705174535146
398,399,0.0004622177375088743,0.3465304501352605,0.0004437096367972959,0.3349912165805533
399,400,0.00044958169369302414,0.3438405126374118,0.0004315794702974829,0.3323695717523264
400,401,0.00043729100386269426,0.34116476794732686,0.00041978083681926126,0.32976215303683776
401,402,0.0004253362339640132,0.33850325868474196,0.00040830467958186123,0.3271689938415311
402,403,0.0004137082073960574,0.33585602498316547,0.00039714218897624054,0.3245901252361587
403,404,0.0004023979979996817,0.33322310452132764,0.0003862847958340243,0.32202557598395165
404,405,0.0003913969232350878,0.3306045325547853,0.0003757241648754128,0.3194753725728895
405,406,0.00038069653754579935,0.3280003419476746,0.00036545218833916593,0.3169395392470665
406,407,0.0003702886259020488,0.32541056320459194,0.0003554609797815633,0.31441809803813636
407,408,0.0003601651975184694,0.32283522450258406,0.00034574286804578414,0.3119110687968173
408,409,0.0003503184797450931,0.3202743517232358,0.00033629039139559946,0.30941846922444793
409,410,0.0003407409121219951,0.31772796848483487,0.00032709629180627253,0.3069403149045742
410,411,0.00033142514059469885,0.315196096174599,0.0003181535094125554,0.3044766193345563
411,412,0.0003223640118895643,0.3126787539809548,0.0003094551771063436,0.3020273939571828
412,413,0.0003135505680406103,0.3101759589258489,0.00030099461528265703,0.29959264819227815
413,414,0.00030497804106399684,0.3076877258970768,0.0002927653267263963,0.2971723894682873
414,415,0.0002966398477786125,0.30521406768061743,0.0002847609916392102,0.29476662325382896
415,416,0.00028852958476766055,0.30275499499296243,0.0002769754628021426,0.29237535308920715
416,417,0.00028064102347469255,0.3003105165134209,0.0002694027608673988,0.28999858061786177
417,418,0.0002729681054384203,0.2978806389163884,0.0002620370697833385,0.28763630561775155
418,419,0.0002655049376505403,0.2954653669035756,0.0002548727323372635,0.28528852603266375
419,420,0.0002582457880443423,0.2930647032361704,0.00024790424582377124,0.2829552380034258
420,421,0.00025118508110422155,0.2906786487669336,0.00024112625783057062,0.280636435899022
421,422,0.00024431739359653815,0.28830720247221286,0.00023453356213842813,0.2783321123475996
422,423,0.0002376374504122758,0.28595036148386166,0.00022812109473036024,0.2760422582673524
423,424,0.00023114012053038202,0.2836081211210564,0.0002218839299161779,0.2737668628972779
424,425,0.00022482041308125034,0.28128047492199737,0.00021581727655317628,0.2715059138277933
425,426,0.00021867347352688693,0.27896741467548725,0.0002099164743784021,0.26925939703120494
426,427,0.00021269457993799978,0.27666893045237717,0.00020417699043440152,0.26702729689202465
427,428,0.0002068791393771141,0.27438501063686715,0.0001985944155977748,0.2648095962371183
428,429,0.00020122268437705593,0.27211564195765636,0.0001931644611963268,0.26260627636568523
429,430,0.00019572086951691325,0.26986080951893165,0.00018788295572425007,0.26041731707905624
430,431,0.00019036946809103394,0.2676204968311908,0.000182745841641907,0.2582426967103104
431,432,0.00018516436886961696,0.2653946858418833,0.00017774917226698328,0.25608239215369033
432,433,0.00018010157294467977,0.26318335696587114,0.0001728891087465767,0.2539363788938248
433,434,0.00017517719066539872,0.2609864891156971,0.0001681619171142179,0.25180463103474204
434,435,0.00017038743865593897,0.258804059731651,0.00016356396542738239,0.24968712132866921
435,436,0.00016572863691266537,0.25663604481163493,0.00015909172098060864,0.24758382120461708
436,437,0.00016119720598251064,0.25448241894081347,0.000154741747596554,0.24549470079673863
437,438,0.00015678966421794893,0.25234315532104434,0.00015051070299065827,0.24341972897245834
438,439,0.00015250262510713153,0.250218225800089,0.00014639533620819378,0.24135887336036954
439,440,0.00014833279467407756,0.2481076009005876,0.0001423924851273739,0.23931210037788986
440,441,0.00014427696895502606,0.2460112498488044,0.00013849907403840067,0.23727937525867737
441,442,0.0001403320315374046,0.24392914060312965,0.00013471211127868976,0.23526066207979623
442,443,0.00013649495117074029,0.24186123988233554,0.0001310286869411481,0.2332559237886307
443,444,0.00013276277944107573,0.23980751319358418,0.0001274459706404052,0.2312651222295452
444,445,0.0001291326485068911,0.2377679248601806,0.00012396120933944044,0.22928821817028533
445,446,0.0001256017689013067,0.23574243804906803,0.00012057172524004844,0.22732517132811503
446,447,0.00012216742738879738,0.23373101479806024,0.00011727491372459653,0.22537594039569087
447,448,0.00011882698488574484,0.23173361604280807,0.00011406824136028781,0.22344048306666442
448,449,0.00011557787443250422,0.2297502016434978,0.00011094924395227412,0.22151875606101679
449,450,0.00011241759922464567,0.22778073041127767,0.0001079155246530572,0.21961071515011987
450,451,0.0001093437306980416,0.22582516013440657,0.00010496475212506962,0.2177163151815178
451,452,0.00010635390666124955,0.22388344760412704,0.00010209465874666535,0.21583551010343394
452,453,0.00010344582948584868,0.22195554864025813,9.930303887595304e-05,0.21396825298899835
453,454,0.00010061726434018592,0.22004141811650368,9.658774715382012e-05,0.21211449606019084
454,455,9.786603747619083e-05,0.21814100998547636,9.39466968608027e-05,0.21027419071150277
455,456,9.519003455848996e-05,0.21625427730343516,9.137785831181411e-05,0.20844728753331399
456,457,9.258719904348123e-05,0.21438117225473474,8.887925730072244e-05,0.20663373633498394
457,458,9.005553059737714e-05,0.21252164617598357,8.644897358145442e-05,0.2048334861676563
458,459,8.759308356331985e-05,0.21067564957991036,8.408513939639484e-05,0.20304648534677383
459,460,8.519796546702096e-05,0.2088431321789399,8.178593804153422e-05,0.20127268147430932
460,461,8.286833556103712e-05,0.20702404290847154,7.954960246969733e-05,0.19951202146070157
461,462,8.060240341567493e-05,0.20521832994986666,7.737441393729227e-05,0.19776445154650657
462,463,7.839842754031601e-05,0.2034259407531379,7.525870068081364e-05,0.19602991732375707
463,464,7.625471404859585e-05,0.20164682205934448,7.320083663531207e-05,0.19430836375703198
464,465,7.416961535688937e-05,0.1998809199226902,7.119924018550439e-05,0.1925997352042369
465,466,7.21415289178795e-05,0.1981281797323231,6.925237294963527e-05,0.1909039754370927
466,467,7.016889599276155e-05,0.19638854623384294,6.735873860030939e-05,0.1892210276613372
467,468,6.825020045042596e-05,0.19466196355050736,6.551688171285708e-05,0.1875508345366359
468,469,6.63839676063871e-05,0.19294837520414287,6.372538664944916e-05,0.18589333819620357
469,470,6.456876308780224e-05,0.1912477241357602,6.198287647107836e-05,0.1842484802661385
470,471,6.280319173401772e-05,0.1895599527258729,6.028801187984989e-05,0.18261620188446837
471,472,6.10858965227612e-05,0.18788500281452203,5.8639490190803834e-05,0.18099644371991186
472,473,5.941555752908556e-05,0.18622281572100197,5.703604433049403e-05,0.17938914599034916
473,474,5.7790890910958126e-05,0.1845733322632963,5.547644186387757e-05,0.17779424848101277
474,475,5.6210647924270774e-05,0.18293649277722057,5.395948404918194e-05,0.17621169056239294
475,476,5.467361396216397e-05,0.1813122371352679,5.248400491442151e-05,0.1746414112078588
476,477,5.317860762277249e-05,0.17970050476516763,5.104887036433414e-05,0.17308334901099887
477,478,5.172447980139605e-05,0.17810123466815297,4.965297730663565e-05,0.17153744220268374
478,479,5.0310112808649166e-05,0.17651436543693977,4.8295252807473155e-05,0.17000362866784757
479,480,4.893441951014932e-05,0.17493983527341528,4.697465326441996e-05,0.168481845961993
480,481,4.759634249296152e-05,0.17337758200604392,4.569016360644884e-05,0.166972031327421
481,482,4.6294853252804025e-05,0.17182754310698722,4.444079651411137e-05,0.16547412170918696
482,483,4.5028951402348305e-05,0.17028965570893928,4.322559165881312e-05,0.1639880537707843
483,484,4.379766390605333e-05,0.16876385662168236,4.204361496884523e-05,0.16251376390955763
484,485,4.260004432932174e-05,0.1672500823483617,4.089395790829453e-05,0.16105118827184706
485,486,4.14351721129691e-05,0.16574826910148244,3.9775736781044735e-05,0.15960026276786665
486,487,4.030215186556774e-05,0.16425835281863188,3.86880920505428e-05,0.15816092308631902
487,488,3.920011267566359e-05,0.16278026917792154,3.76301876801044e-05,0.1567331047087417
488,489,3.812820744220069e-05,0.16131395361316736,3.660121049076093e-05,0.15531674292360242
489,490,3.708561222370843e-05,0.1598593413287891,3.560036953498269e-05,0.1539117728401278
490,491,3.607152560602955e-05,0.15841636731444686,3.462689549127429e-05,0.15251812940187826
491,492,3.508516808659046e-05,0.15698496635940962,3.3680040071537576e-05,0.15113574740006863
492,493,3.4125781472882366e-05,0.15556507306666312,3.275907544564305e-05,0.14976456148663853
493,494,3.3192628303369e-05,0.1541566218667495,3.1863293683209726e-05,0.14840450618707013
494,495,3.22849912791634e-05,0.15275954703135408,3.099200621015097e-05,0.14705551591295984
495,496,3.140217271235812e-05,0.15137378268663026,3.01445432770997e-05,0.1457175249743452
496,497,3.054349399100875e-05,0.1499992628262733,2.932025344803968e-05,0.14439046759178942
497,498,2.970829505632988e-05,0.1486359213243369,2.8518503096264247e-05,0.1430742779082237
498,499,2.889593389820977e-05,0.14728369194780389,2.7738675921429312e-05,0.14176889000055293
499,500,2.810578605783043e-05,0.14594250836890765,2.6980172471380293e-05,0.1404742378910273
500,501,2.733724415060479e-05,0.14461230417720783,2.6242409684962276e-05,0.13919025555837772
501,502,2.6589717399327917e-05,0.14329301289142327,2.5524820443489915e-05,0.13791687694872368
502,503,2.5862631179207618e-05,0.1419845679710252,2.4826853133097515e-05,0.1366540359862507
503,504,2.5155426576772832e-05,0.14068690282759377,2.4147971223076325e-05,0.13540166658366493
504,505,2.446755995955119e-05,0.1393999508359366,2.348765285109522e-05,0.13415970265242216
505,506,2.379850256084559e-05,0.13812364534497712,2.2845390425962897e-05,0.1329280781127382
506,507,2.314774006861864e-05,0.136857919688412,2.222069023161133e-05,0.13170672690338026
507,508,2.2514772236137404e-05,0.13560270719514234,2.1613072054615934e-05,0.1304955829912452
508,509,2.1899112492285155e-05,0.13435794119947697,2.1022068809384287e-05,0.1292945803807214
509,510,2.1300287571190957e-05,0.13312355505111761,2.0447226183106793e-05,0.1281036531228441
510,511,2.0717837146744245e-05,0.13189948212492064,1.9888102283593945e-05,0.1269227353242408
511,512,2.0151313478766752e-05,0.13068565583044633,1.934426730154648e-05,0.1257517611558744
512,513,1.9600281069953596e-05,0.12948200962128964,1.881530318026403e-05,0.12459066486158088
513,514,1.906431633114103e-05,0.12828847700420176,1.8300803293680445e-05,0.12343938076640959
514,515,1.85430072530135e-05,0.12710499154800148,1.780037213250374e-05,0.12229784328476423
515,516,1.8035953094686086e-05,0.12593148689228306,1.7313625004233835e-05,0.12116598692835368
516,517,1.7542764070066497e-05,0.12476789675591626,1.6840187732514167e-05,0.1200437463139451
517,518,1.7063061052202677e-05,0.12361415494534767,1.637969637358072e-05,0.1189310561709308
518,519,1.659647528062802e-05,0.12247019536270687,1.5931796934820497e-05,0.11782785134871077
519,520,1.6142648076811206e-05,0.12133595201370984,1.5496145101767667e-05,0.11673406682388576
520,521,1.5701230570486224e-05,0.12021135901537672,1.5072405975757874e-05,0.11564963770727332
521,522,1.527188343064534e-05,0.11909635060355372,1.4660253814802182e-05,0.11457449925074159
522,523,1.4854276604081562e-05,0.11799086114025148,1.4259371783675867e-05,0.11350858685386911
523,524,1.4448089062146785e-05,0.11689482512079585,1.3869451710224467e-05,0.1124518360704303
524,525,1.4053008554837376e-05,0.11580817718079695,1.3490193849330367e-05,0.11140418261470764
525,526,1.3668731369653742e-05,0.11473085210293965,1.3121306651320275e-05,0.1103655623676385
526,527,1.3294962098564511e-05,0.11366278482359504,1.2762506538810392e-05,0.10933591138279242
527,528,1.2931413411076953e-05,0.11260391043925799,1.2413517688103504e-05,0.10831516589218593
528,529,1.2577805832969524e-05,0.11155416421281439,1.207407181769149e-05,0.10730326231193743
529,530,1.2233867532462916e-05,0.11051348157963592,1.1743907981753843e-05,0.10630013724776077
530,531,1.1899334109943815e-05,0.10948179815351122,1.1422772369429346e-05,0.10530572750030465
531,532,1.1573948396015332e-05,0.10845904973241005,1.1110418110527043e-05,0.10431997007033655
532,533,1.1257460253211171e-05,0.10744517230408901,1.0806605084900944e-05,0.10334280216377767
533,534,1.0949626382039668e-05,0.10644010205153265,1.0511099737042784e-05,0.10237416119658449
534,535,1.0650210138130056e-05,0.10544377535824567,1.0223674899556556e-05,0.10141398479949004
535,536,1.0358981347047269e-05,0.10445612881338218,9.944109615966923e-06,0.10046221082259332
536,537,1.0075716126878298e-05,0.10347709921673132,9.672188970744067e-06,0.09951877733981496
537,538,9.800196718701137e-06,0.10250662358354701,9.40770392576784e-06,0.09858362265320642
538,539,9.532211318608041e-06,0.10154463914923606,9.15045115934543e-06,0.09765668529712712
539,540,9.271553912726382e-06,0.10059108337389733,8.900232908337635e-06,0.09673790404228244
540,541,9.01802412045516e-06,0.09964589394672285,8.656856816946501e-06,0.09582721789963411
541,542,8.771427042142399e-06,0.09870900879025679,8.420135790832006e-06,0.09492456612417477
542,543,8.531573105541312e-06,0.09778036606451757,8.189887850007516e-06,0.0940298882185795
543,544,8.298277922591524e-06,0.09685990417098655,7.965935990728035e-06,0.09314312393672841
544,545,8.071362148198702e-06,0.0959475617564608,7.74810805048709e-06,0.09226421328710643
545,546,7.850651339458281e-06,0.09504327771677978,7.536236572680544e-06,0.0913930965360823
546,547,7.635975824760166e-06,0.09414699120042025,7.330158680596277e-06,0.0905297142110677
547,548,7.427170571339126e-06,0.09325864161196895,7.129715950959792e-06,0.089674007103561
548,549,7.224075059708568e-06,0.09237816861546766,6.934754292808876e-06,0.08882591627207226
549,550,7.0265331594265845e-06,0.09150551213763891,6.7451238283666726e-06,0.08798538304493853
550,551,6.834393008858797e-06,0.09064061237099463,6.560678778355644e-06,0.08715234902302871
551,552,6.6475068991600494e-06,0.08978340977682486,6.381277348754821e-06,0.08632675608233786
552,553,6.465731161142685e-06,0.08893384508807212,6.206781624773505e-06,0.08550854637647598
553,554,6.28892605281095e-06,0.08809185931209362,6.037057460606121e-06,0.0846976623390504
554,555,6.1169556545559445e-06,0.08725739373331365,5.8719743800672575e-06,0.08389404668594902
555,556,5.94968776268523e-06,0.08643038991576524,5.711405474118081e-06,0.08309764241751905
556,557,5.786993788725603e-06,0.08561078970552871,5.555227304165911e-06,0.08230839282065039
557,558,5.628748660280181e-06,0.08479853523306047,5.403319806807083e-06,0.08152624147075804
558,559,5.474830725216151e-06,0.08399356891542598,5.255566201789463e-06,0.08075113223367447
559,560,5.325121657406839e-06,0.08319583345842685,5.111852901973357e-06,0.0799830092674455
560,561,5.179506367025688e-06,0.08240527185863311,4.972069426623094e-06,0.07922181702403674
561,562,5.0378729105071685e-06,0.08162182740531365,4.8361083155867846e-06,0.07846750025094773
562,563,4.900112405392676e-06,0.0808454436822813,4.703865046917777e-06,0.0777200039927447
563,564,4.766118947618914e-06,0.08007606456963434,4.575237957937794e-06,0.07697927359249979
564,565,4.635789527807077e-06,0.07931363424541482,4.450128164523726e-06,0.0762452546931528
565,566,4.509023953547242e-06,0.07855809718717488,4.328439487277791e-06,0.07551789323878677
566,567,4.385724772903998e-06,0.07780939817345611,4.210078376587489e-06,0.074797135475825
567,568,4.265797197811061e-06,0.07706748228518356,4.094953840794169e-06,0.07408292795414828
568,569,4.149149031795751e-06,0.07633229490697535,3.982977376137953e-06,0.07337521752813403
569,570,4.035690601478237e-06,0.0756037817283729,3.874062900144359e-06,0.07267395135762411
570,571,3.925334683185788e-06,0.07488188874498691,3.7681266824574067e-06,0.07197907690881178
571,572,3.817996439448024e-06,0.07416656225956864,3.665087283333257e-06,0.07129054195506312
572,573,3.713593352938638e-06,0.07345774888300294,3.5648654902464827e-06,0.07060829457766482
573,574,3.6120451619714444e-06,0.07275539553522448,3.4673842558285983e-06,0.06993228316650069
574,575,3.5132737999932218e-06,0.07205944944606368,3.3725686400254418e-06,0.06926245642066509
575,576,3.4172033351875797e-06,0.07136985815601737,3.2803457520325097e-06,0.06859876334900628
576,577,3.3237599120772288e-06,0.0706865695169524,3.190644694339717e-06,0.0679411532706079
577,578,3.232871694236472e-06,0.07000953169273716,3.1033965072202463e-06,0.06728957581520523
578,579,3.1444688103343665e-06,0.06933869315980923,3.0185341179933545e-06,0.06664398092354207
579,580,3.058483299289705e-06,0.06867400270767321,2.9359922872895794e-06,0.066004318847663
580,581,2.974849058423601e-06,0.06801540943933981,2.855707559645815e-06,0.06537054015115373
581,582,2.893501791834119e-06,0.06736286277169568,2.7776182141003858e-06,0.06474259570931629
582,583,2.814378963766906e-06,0.0667163124358181,2.7016642195620832e-06,0.0641204367092939
583,584,2.737419746212666e-06,0.06607570847722632,2.6277871842950162e-06,0.0635040146501391
584,585,2.662564975941528e-06,0.0654410012560731,2.5559303141742262e-06,0.06289328134282512
585,586,2.5897571065414127e-06,0.06481214144728387,2.4860383677216547e-06,0.062288188910211706
586,587,2.5189401667846667e-06,0.06418908004063628,2.418057615027891e-06,0.06168868978695474
587,588,2.450059714331765e-06,0.06357176834078648,2.3519357946755193e-06,0.061094736719367715
588,589,2.3830627959853246e-06,0.06296015796724252,2.287622073549045e-06,0.06050628276523584
589,590,2.3178979067228767e-06,0.06235420085428656,2.2250670097534453e-06,0.05992328129358171
590,591,2.254514950283948e-06,0.06175384925084548,2.1642225134232973e-06,0.0593456859843855
591,592,2.1928651997571436e-06,0.06115905572031166,2.105041808864172e-06,0.058773450828259466
592,593,2.1329012600546093e-06,0.06056977314031875,2.047479399358565e-06,0.058206530126081235
593,594,2.074577033717162e-06,0.05998595470246748,1.991491033415116e-06,0.0576448784885808
594,595,2.017847682500573e-06,0.05940755391200758,1.937033668686361e-06,0.057088450835890314
595,596,1.962669594957056e-06,0.05883452458747451,1.884065440327376e-06,0.05653720239704896
596,597,1.9090003515742637e-06,0.05826682086028412,1.8325456274670415e-06,0.055991088709474224
597,598,1.8567986934669989e-06,0.05770439717428377,1.7824346238981548e-06,0.055450065618388944
598,599,1.8060244889595012e-06,0.05714720828526343,1.7336939051038058e-06,0.05491408927621633
599,600,1.75663870527476e-06,0.056595209260426604,1.6862860016120251e-06,0.05438311614193592
600,601,1.7086033753388463e-06,0.05604835547782128,1.640174466910338e-06,0.053857102980404026
601,602,1.661881571690671e-06,0.05550660262573626,1.5953238521326796e-06,0.053336006861643304
602,603,1.6164373756177852e-06,0.054969906702058036,1.5516996775266634e-06,0.052819785160097
603,604,1.5722358511771617e-06,0.05443822401359111,1.5092684059192507e-06,0.05230839555384936
604,605,1.529243017883708e-06,0.05391151117534865,1.467997418180822e-06,0.05180179602381996
605,606,1.4874258233987803e-06,0.05338972510980311,1.4278549853585787e-06,0.05129994485292122
606,607,1.4467521203265221e-06,0.05287282304610774,1.3888102476933284e-06,0.05080280062519105
607,608,1.4071906401236234e-06,0.05236076251928723,1.3508331886402658e-06,0.05031032222489662
608,609,1.3687109690074806e-06,0.051853501369394706,1.313894612886557e-06,0.04982246883560826
609,610,1.3312835244194687e-06,0.05135099774064056,1.2779661225925665e-06,0.04933919993924907
610,611,1.2948795341527486e-06,0.050853210080491484,1.2430200975188654e-06,0.048860475315115615
611,612,1.2594710113722485e-06,0.05036009713874223,1.2090296719335925e-06,0.04838625503887717
612,613,1.2250307348526945e-06,0.04987161796655881,1.1759687149615061e-06,0.04791649948154686
613,614,1.1915322286615293e-06,0.049387731915498945,1.1438118104889483e-06,0.04745116930843429
614,615,1.1589497393993398e-06,0.048908398636499206,1.1125342370688074e-06,0.046990225478067305
615,616,1.1272582185473112e-06,0.04843357807884774,1.0821119492687714e-06,0.04653362924110216
616,617,1.0964333027052575e-06,0.04796323048912299,1.0525215591306036e-06,0.04608134213920223
617,618,1.066451295606008e-06,0.04749731641011823,1.0237403197388417e-06,0.04563332600390546
618,619,1.0372891465770806e-06,0.047035796679735564,9.957461032383819e-07,0.04518954295546296
619,620,1.0089244369959616e-06,0.04657863242986482,9.685173892881593e-07,0.0447499554016666
620,621,9.813353607501796e-07,0.04612578508523868,9.420332448550894e-07,0.044314526036653756
621,622,9.545007089162283e-07,0.04567721636226596,9.16273310447302e-07,0.043883217839693955
622,623,9.283998508857749e-07,0.0452328882678501,8.912177815734168e-07,0.04345599407396139
623,624,9.030127215980954e-07,0.044792763098184696,8.66847397085202e-07,0.0430328182852886
624,625,8.783198039985507e-07,0.0443568034375329,8.431434213029831e-07,0.04261365430090558
625,626,8.543021148277319e-07,0.04392497215698976,8.200876312480787e-07,0.04219846622816337
626,627,8.309411894114049e-07,0.04349723241322545,7.976623019878559e-07,0.041787218453241515
627,628,8.082190700031688e-07,0.043073547647216714,7.758501947563445e-07,0.04137987563984591
628,629,7.861182869106642e-07,0.04265388158295824,7.546345396347576e-07,0.04097640272788816
629,630,7.646218509460567e-07,0.04223819822616248,7.339990276689079e-07,0.04057676493215501
630,631,7.437132354404241e-07,0.041826461862944364,7.139277941048405e-07,0.04018092774096638
631,632,7.233763661407266e-07,0.04141863705849069,6.944054088409146e-07,0.039788856914817816
632,633,7.035956096634877e-07,0.04101468865572033,6.754168641043279e-07,0.03940051848501691
633,634,6.843557582847382e-07,0.040614581773927516,6.569475614615072e-07,0.03901587875230472
634,635,6.656420217243664e-07,0.0402182818074156,6.389833029363245e-07,0.038634904285468896
635,636,6.47440012158107e-07,0.03982575442412184,6.215102771323089e-07,0.03825756191994989
636,637,6.297357374451806e-07,0.03943696556422449,6.045150519051745e-07,0.037883818756430876
637,638,6.125155866953946e-07,0.03905188143874738,5.879845615952561e-07,0.03751364215942721
638,639,5.957663220534926e-07,0.03867046852814915,5.719060988118585e-07,0.03714699975586222
639,640,5.794750659315895e-07,0.03829269358090637,5.562673013326247e-07,0.036783859433638044
640,641,5.636292950139676e-07,0.03791852361208625,5.410561476626441e-07,0.03642418934019753
641,642,5.482168273784893e-07,0.03754792590191025,5.262609434897314e-07,0.03606795788107986
642,643,5.332258141699242e-07,0.037180867994314415,5.118703148010439e-07,0.035715133718472125
643,644,5.186447307181652e-07,0.03681731769549468,4.978731983351636e-07,0.03536568576974919
644,645,5.044623673233772e-07,0.03645724307245268,4.842588332554243e-07,0.03501958320601517
645,646,4.906678212623916e-07,0.036100612451529845,4.710167537114174e-07,0.034676795450633735
646,647,4.772504874628325e-07,0.03574739441694008,4.581367791800517e-07,0.03433729217775827
647,648,4.642000515087119e-07,0.035397557809290325,4.456090082483044e-07,0.034001043310853296
648,649,4.515064797594448e-07,0.03505107172410238,4.334238092873477e-07,0.03366801902121541
649,650,4.3916001513100156e-07,0.034707905510326986,4.215718160116566e-07,0.03333818972648983
650,651,4.271511641062986e-07,0.034368028768852255,4.100439150445112e-07,0.0330115260891819
651,652,4.154706956249754e-07,0.03403141135100951,3.9883124491879585e-07,0.032687999015166724
652,653,4.04109630647298e-07,0.03369802335707639,3.8792518641805884e-07,0.03236757965219794
653,654,3.930592339385086e-07,0.033367835134773816,3.773173540277952e-07,0.03205023938841134
654,655,3.8231101084917896e-07,0.03304081727776276,3.6699959327091136e-07,0.03173594985082795
