date,min_n_true,smoothed_phi,smoothed_cases,method
2021-02-01,18519,841.076521043047,10678,GInPipe
2021-02-02,18684,848.540644748558,10537,GInPipe
2021-02-03,18888,857.83632528917,10365,GInPipe
2021-02-04,19137,869.117573880963,10160,GInPipe
2021-02-05,19428,882.347550983378,9928,GInPipe
2021-02-06,19757,897.271124063492,9673,GInPipe
2021-02-07,20113,913.472109930898,9401,GInPipe
2021-02-08,20488,930.477784282989,9115,GInPipe
2021-02-09,20870,947.834778247442,8819,GInPipe
2021-02-10,21251,965.123886933607,8519,GInPipe
2021-02-11,21621,981.945013888606,8226,GInPipe
2021-02-12,21973,997.915118914638,7959,GInPipe
2021-02-13,22298,1012.69255691632,7732,GInPipe
2021-02-14,22591,1026.01460827466,7557,GInPipe
2021-02-15,22849,1037.72812087202,7436,GInPipe
2021-02-16,23071,1047.79944575107,7364,GInPipe
2021-02-17,23258,1056.30001250159,7333,GInPipe
2021-02-18,23414,1063.37279933747,7332,GInPipe
2021-02-19,23542,1069.19030193268,7354,GInPipe
2021-02-20,23646,1073.91574586182,7395,GInPipe
2021-02-21,23729,1077.67692019525,7449,GInPipe
2021-02-22,23792,1080.5576924684,7515,GInPipe
2021-02-23,23837,1082.60762404163,7590,GInPipe
2021-02-24,23865,1083.86623676326,7672,GInPipe
2021-02-25,23877,1084.39584396777,7757,GInPipe
2021-02-26,23875,1084.3155268418,7840,GInPipe
2021-02-27,23864,1083.82880694608,7917,GInPipe
2021-02-28,23851,1083.23884050523,7987,GInPipe
2021-03-01,23845,1082.94739241,8048,GInPipe
2021-03-02,23856,1083.43692724149,8103,GInPipe
2021-03-03,23895,1085.23801097719,8154,GInPipe
2021-03-04,23976,1088.88597202124,8202,GInPipe
2021-03-05,24107,1094.87108440801,8250,GInPipe
2021-03-06,24299,1103.58596594842,8305,GInPipe
2021-03-07,24557,1115.27368271584,8376,GInPipe
2021-03-08,24880,1129.98136569116,8473,GInPipe
2021-03-09,25267,1147.5270107719,8611,GInPipe
2021-03-10,25706,1167.48994718165,8798,GInPipe
2021-03-11,26185,1189.23550255098,9035,GInPipe
2021-03-12,26686,1211.97939487764,9318,GInPipe
2021-03-13,27190,1234.88734279553,9638,GInPipe
2021-03-14,27681,1257.19340253559,9988,GInPipe
2021-03-15,28146,1278.31174087051,10366,GInPipe
2021-03-16,28578,1297.91546108498,10771,GInPipe
2021-03-17,28975,1315.96399028431,11200,GInPipe
2021-03-18,29343,1332.67458174965,11641,GInPipe
2021-03-19,29691,1348.44828069366,12083,GInPipe
2021-03-20,30028,1363.77110952384,12516,GInPipe
2021-03-21,30366,1379.11465325316,12940,GInPipe
2021-03-22,30713,1394.85708352788,13365,GInPipe
2021-03-23,31073,1411.23825770405,13805,GInPipe
2021-03-24,31450,1428.35350872401,14267,GInPipe
2021-03-25,31843,1446.18213412748,14745,GInPipe
2021-03-26,32249,1464.63972760524,15220,GInPipe
2021-03-27,32667,1483.63930365666,15665,GInPipe
2021-03-28,33097,1503.14531515889,16053,GInPipe
2021-03-29,33539,1523.20735156373,16361,GInPipe
2021-03-30,33996,1543.96592005831,16570,GInPipe
2021-03-31,34473,1565.62976012681,16666,GInPipe
2021-04-01,34975,1588.43064905576,16639,GInPipe
2021-04-02,35506,1612.5659187839,16489,GInPipe
2021-04-03,36069,1638.14020884223,16233,GInPipe
2021-04-04,36663,1665.11685017658,15907,GInPipe
2021-04-05,37284,1693.2870381693,15570,GInPipe
2021-04-06,37922,1722.26280643637,15292,GInPipe
2021-04-07,38565,1751.49794999613,15147,GInPipe
2021-04-08,39200,1780.33850745091,15195,GInPipe
2021-04-09,39812,1808.09992834223,15460,GInPipe
2021-04-10,40385,1834.1614407652,15932,GInPipe
2021-04-11,40912,1858.06120503294,16564,GInPipe
2021-04-12,41385,1879.57189240118,17291,GInPipe
2021-04-13,41807,1898.73827818603,18039,GInPipe
2021-04-14,42184,1915.86675402966,18733,GInPipe
2021-04-15,42528,1931.46867676935,19314,GInPipe
2021-04-16,42852,1946.17070337652,19750,GInPipe
2021-04-17,43170,1960.61188406139,20043,GInPipe
2021-04-18,43494,1975.34798104538,20225,GInPipe
2021-04-19,43834,1990.77951909862,20335,GInPipe
2021-04-20,44193,2007.11384441882,20411,GInPipe
2021-04-21,44573,2024.36478003022,20471,GInPipe
2021-04-22,44970,2042.3868884709,20518,GInPipe
2021-04-23,45379,2060.93487077361,20546,GInPipe
2021-04-24,45792,2079.7328202214,20539,GInPipe
2021-04-25,46206,2098.53461619142,20481,GInPipe
2021-04-26,46616,2117.15781631903,20354,GInPipe
2021-04-27,47020,2135.48000264268,20146,GInPipe
2021-04-28,47414,2153.39737109676,19855,GInPipe
2021-04-29,47797,2170.75697883691,19492,GInPipe
2021-04-30,48161,2187.28242126662,19075,GInPipe
2021-05-01,48496,2202.51508476969,18627,GInPipe
2021-05-02,48788,2215.78926625777,18161,GInPipe
2021-05-03,49019,2226.25128828181,17684,GInPipe
2021-05-04,49165,2232.92302715533,17196,GInPipe
2021-05-05,49207,2234.80123533808,16698,GInPipe
2021-05-06,49123,2230.97679101335,16198,GInPipe
2021-05-07,48897,2220.75294232632,15704,GInPipe
2021-05-08,48523,2203.73926116111,15222,GInPipe
2021-05-09,47998,2179.89954376843,14747,GInPipe
2021-05-10,47329,2149.53866516433,14261,GInPipe
2021-05-11,46530,2113.22577321207,13744,GInPipe
2021-05-12,45615,2071.66734552657,13178,GInPipe
2021-05-13,44600,2025.55926363122,12567,GInPipe
2021-05-14,43496,1975.45673067043,11931,GInPipe
2021-05-15,42313,1921.70006442752,11302,GInPipe
2021-05-16,41052,1864.42155089486,10710,GInPipe
2021-05-17,39713,1803.63594102625,10168,GInPipe
2021-05-18,38299,1739.39073829062,9677,GInPipe
2021-05-19,36813,1671.93042522155,9229,GInPipe
2021-05-20,35270,1601.81958676094,8814,GInPipe
2021-05-21,33688,1529.97887235775,8417,GInPipe
2021-05-22,32094,1457.61409948728,8018,GInPipe
2021-05-23,30519,1386.05427120088,7597,GInPipe
2021-05-24,28988,1316.5454927219,7140,GInPipe
2021-05-25,27524,1250.06210198584,6652,GInPipe
2021-05-26,26140,1187.18821661261,6155,GInPipe
2021-05-27,24839,1128.09667107648,5684,GInPipe
2021-05-28,23617,1072.6196265438,5271,GInPipe
2021-05-29,22467,1020.37881400776,4934,GInPipe
2021-05-30,21378,970.931631554379,4672,GInPipe
2021-05-31,20343,923.893332235583,4466,GInPipe
2021-06-01,19354,879.010696138096,4286,GInPipe
2021-06-02,18411,836.181621792191,4104,GInPipe
2021-06-03,17514,795.431167387026,3901,GInPipe
2021-06-04,16665,756.863335341938,3676,GInPipe
2021-06-05,15867,720.608231098066,3443,GInPipe
2021-06-06,15122,686.778123987361,3216,GInPipe
2021-06-07,14432,655.43730464414,3008,GInPipe
2021-06-08,13796,626.583560481918,2820,GInPipe
2021-06-09,13214,600.136204230295,2652,GInPipe
2021-06-10,12681,575.9272134843,2499,GInPipe
2021-06-11,12192,553.696438864763,2356,GInPipe
2021-06-12,11738,533.096251873963,2220,GInPipe
2021-06-13,11311,513.71283370836,2084,GInPipe
2021-06-14,10902,495.109017585297,1944,GInPipe
2021-06-15,10500,476.887204484934,1799,GInPipe
2021-06-16,10101,458.762120495869,1650,GInPipe
2021-06-17,9702,440.625366825145,1505,GInPipe
2021-06-18,9305,422.580808592233,1370,GInPipe
2021-06-19,8916,404.934772174773,1250,GInPipe
2021-06-20,8546,388.137576561096,1148,GInPipe
2021-06-21,8206,372.688873053918,1061,GInPipe
2021-06-22,7905,359.031802079322,986,GInPipe
2021-06-23,7651,347.464291840375,921,GInPipe
2021-06-24,7444,338.088585127798,863,GInPipe
2021-06-25,7284,330.806225967988,813,GInPipe
2021-06-26,7164,325.351948441006,771,GInPipe
2021-06-27,7076,321.351614286715,736,GInPipe
2021-06-28,7010,318.38808503232,709,GInPipe
2021-06-29,6959,316.062550321453,688,GInPipe
2021-06-30,6915,314.043841123695,671,GInPipe
2021-07-01,6872,312.102123821991,658,GInPipe
2021-07-02,6828,310.125598191402,649,GInPipe
2021-07-03,6784,308.120314990088,644,GInPipe
2021-07-04,6742,306.194970681194,643,GInPipe
2021-07-05,6705,304.534628395656,647,GInPipe
2021-07-06,6680,303.368963153734,657,GInPipe
2021-07-07,6670,302.94089730867,672,GInPipe
2021-07-08,6682,303.480106779589,694,GInPipe
2021-07-09,6720,305.183482243982,721,GInPipe
2021-07-10,6786,308.20235035947,754,GInPipe
2021-07-11,6884,312.635004839808,794,GInPipe
2021-07-12,7013,318.523088079197,842,GInPipe
2021-07-13,7175,325.85116694508,898,GInPipe
2021-07-14,7366,334.549754556072,962,GInPipe
2021-07-15,7585,344.502485065584,1032,GInPipe
2021-07-16,7829,355.557958464753,1106,GInPipe
2021-07-17,8093,367.546078509503,1181,GInPipe
2021-07-18,8374,380.297803956216,1256,GInPipe
2021-07-19,8668,393.666381851692,1332,GInPipe
2021-07-20,8974,407.547457068251,1408,GInPipe
2021-07-21,9289,421.894963517833,1484,GInPipe
2021-07-22,9616,436.72941363386,1559,GInPipe
2021-07-23,9955,452.135300467948,1632,GInPipe
2021-07-24,10310,468.245270934009,1700,GInPipe
2021-07-25,10684,485.211124934344,1764,GInPipe
2021-07-26,11079,503.165827313135,1825,GInPipe
2021-07-27,11498,522.185873950743,1886,GInPipe
2021-07-28,11940,542.267434474827,1947,GInPipe
2021-07-29,12404,563.329787883338,2009,GInPipe
2021-07-30,12886,585.253624407237,2070,GInPipe
2021-07-31,13386,607.950555551167,2132,GInPipe
2021-08-01,13903,631.447766976189,2196,GInPipe
2021-08-02,14443,655.963826856256,2263,GInPipe
2021-08-03,15016,681.952108233987,2339,GInPipe
2021-08-04,15635,710.096792440907,2424,GInPipe
2021-08-05,16321,741.258942713836,2521,GInPipe
2021-08-06,17095,776.381756438173,2628,GInPipe
2021-08-07,17975,816.371900011728,2748,GInPipe
2021-08-08,18979,861.977536093604,2882,GInPipe
2021-08-09,20118,913.6841122607,3035,GInPipe
2021-08-10,21394,971.646327022613,3212,GInPipe
2021-08-11,22804,1035.66815352249,3415,GInPipe
2021-08-12,24335,1105.23227461864,3642,GInPipe
2021-08-13,25972,1179.56800555044,3889,GInPipe
2021-08-14,27693,1257.73725311267,4152,GInPipe
2021-08-15,29476,1338.71575079332,4431,GInPipe
2021-08-16,31298,1421.45316858523,4728,GInPipe
2021-08-17,33136,1504.9077826958,5048,GInPipe
2021-08-18,34967,1588.06329709386,5392,GInPipe
2021-08-19,36769,1669.94159736131,5753,GInPipe
2021-08-20,38524,1749.62351041255,6123,GInPipe
2021-08-21,40212,1826.28202698549,6493,GInPipe
2021-08-22,41818,1899.22347791577,6862,GInPipe
2021-08-23,43331,1967.92629813467,7230,GInPipe
2021-08-24,44743,2032.06650644544,7601,GInPipe
2021-08-25,46052,2091.52328616385,7972,GInPipe
2021-08-26,47260,2146.36445402206,8331,GInPipe
2021-08-27,48370,2196.81701329024,8664,GInPipe
2021-08-28,49392,2243.23017339658,8961,GInPipe
2021-08-29,50335,2286.03669227178,9218,GInPipe
2021-08-30,51209,2325.71442434914,9443,GInPipe
2021-08-31,52024,2362.74584979891,9647,GInPipe
2021-09-01,52791,2397.57139274518,9838,GInPipe
2021-09-02,53517,2430.53376541428,10020,GInPipe
2021-09-03,54205,2461.81518197401,10188,GInPipe
2021-09-04,54856,2491.37551934765,10336,GInPipe
2021-09-05,55462,2518.90501538317,10453,GInPipe
2021-09-06,56011,2543.80740870891,10536,GInPipe
2021-09-07,56482,2565.22665768364,10581,GInPipe
2021-09-08,56854,2582.12207440137,10589,GInPipe
2021-09-09,57102,2593.38457668665,10563,GInPipe
2021-09-10,57203,2597.97468746924,10507,GInPipe
2021-09-11,57139,2595.05574388864,10424,GInPipe
2021-09-12,56898,2584.09701564628,10315,GInPipe
2021-09-13,56476,2564.93106424826,10181,GInPipe
2021-09-14,55878,2537.76372525959,10020,GInPipe
2021-09-15,55115,2503.14748074284,9834,GInPipe
2021-09-16,54208,2461.93471170302,9625,GInPipe
2021-09-17,53179,2415.22501829426,9402,GInPipe
2021-09-18,52058,2364.31312000173,9175,GInPipe
2021-09-19,50877,2310.63564866367,8950,GInPipe
2021-09-20,49667,2255.71076727789,8733,GInPipe
2021-09-21,48464,2201.06580728442,8525,GInPipe
2021-09-22,47299,2148.15385340962,8333,GInPipe
2021-09-23,46201,2098.267252307,8162,GInPipe
2021-09-24,45192,2052.46088865308,8021,GInPipe
2021-09-25,44290,2011.49847887789,7919,GInPipe
2021-09-26,43505,1975.83081453007,7859,GInPipe
2021-09-27,42839,1945.60749130848,7842,GInPipe
2021-09-28,42291,1920.71590295082,7860,GInPipe
2021-09-29,41853,1900.83580463503,7900,GInPipe
2021-09-30,41516,1885.49617328048,7948,GInPipe
2021-10-01,41265,1874.1235772768,7992,GInPipe
2021-10-02,41088,1866.07669712314,8023,GInPipe
2021-10-03,40969,1860.66814426461,8041,GInPipe
2021-10-04,40892,1857.18028256249,8049,GInPipe
2021-10-05,40842,1854.88463726242,8055,GInPipe
2021-10-06,40802,1853.07360148831,8066,GInPipe
2021-10-07,40759,1851.10845217632,8090,GInPipe
2021-10-08,40701,1848.48042124832,8130,GInPipe
2021-10-09,40621,1844.87425420104,8185,GInPipe
2021-10-10,40519,1840.2193499821,8254,GInPipe
2021-10-11,40398,1834.71437322461,8336,GInPipe
2021-10-12,40268,1828.81721027256,8435,GInPipe
2021-10-13,40144,1823.20101162778,8554,GInPipe
2021-10-14,40045,1818.68531408576,8701,GInPipe
2021-10-15,39989,1816.15595120734,8885,GInPipe
2021-10-16,39996,1816.48764727731,9119,GInPipe
2021-10-17,40084,1820.47983300961,9418,GInPipe
2021-10-18,40268,1828.81128726628,9799,GInPipe
2021-10-19,40558,1842.01448537282,10271,GInPipe
2021-10-20,40965,1860.46706663025,10831,GInPipe
2021-10-21,41491,1884.39602509229,11461,GInPipe
2021-10-22,42141,1913.89012421295,12134,GInPipe
2021-10-23,42912,1948.91734887025,12830,GInPipe
2021-10-24,43802,1989.34610732138,13541,GInPipe
2021-10-25,44807,2034.96999334502,14274,GInPipe
2021-10-26,45920,2085.53479988325,15039,GInPipe
2021-10-27,47136,2140.76265166593,15832,GInPipe
2021-10-28,48449,2200.36283434391,16632,GInPipe
2021-10-29,49850,2264.01512589731,17399,GInPipe
2021-10-30,51332,2331.31292325963,18103,GInPipe
2021-10-31,52881,2401.6629880222,18735,GInPipe
2021-11-01,54477,2474.15617732402,19328,GInPipe
2021-11-02,56091,2547.44488701667,19945,GInPipe
2021-11-03,57681,2619.67975073322,20656,GInPipe
2021-11-04,59198,2688.56012065723,21516,GInPipe
2021-11-05,60584,2751.53258747474,22553,GInPipe
2021-11-06,61787,2806.13052324313,23769,GInPipe
2021-11-07,62761,2850.39826561689,25160,GInPipe
2021-11-08,63486,2883.30706810317,26719,GInPipe
2021-11-09,63965,2905.06495951479,28427,GInPipe
2021-11-10,64233,2917.25393793875,30241,GInPipe
2021-11-11,64355,2922.78177956349,32099,GInPipe
2021-11-12,64419,2925.68680994919,33935,GInPipe
2021-11-13,64533,2930.8595157591,35712,GInPipe
2021-11-14,64816,2943.73714288821,37426,GInPipe
2021-11-15,65395,2969.99661860253,39102,GInPipe
2021-11-16,66391,3015.23811884714,40773,GInPipe
2021-11-17,67919,3084.63615750897,42456,GInPipe
2021-11-18,70075,3182.5463150577,44146,GInPipe
2021-11-19,72927,3312.08854775806,45820,GInPipe
2021-11-20,76509,3474.76599088023,47453,GInPipe
2021-11-21,80812,3670.20113555171,49028,GInPipe
2021-11-22,85785,3896.06475248576,50538,GInPipe
2021-11-23,91338,4148.2354525927,51972,GInPipe
2021-11-24,97347,4421.17213662713,53302,GInPipe
2021-11-25,103672,4708.42912181241,54480,GInPipe
2021-11-26,110163,5003.21410016469,55454,GInPipe
2021-11-27,116673,5298.89137233775,56185,GInPipe
2021-11-28,123069,5589.36265126626,56662,GInPipe
2021-11-29,129233,5869.30113583838,56906,GInPipe
2021-11-30,135067,6134.25509650895,56956,GInPipe
2021-12-01,140492,6380.66241898482,56857,GInPipe
2021-12-02,145450,6605.82203172217,56652,GInPipe
2021-12-03,149898,6807.85376570413,56372,GInPipe
2021-12-04,153813,6985.65262595579,56028,GInPipe
2021-12-05,157186,7138.8178350107,55616,GInPipe
2021-12-06,160019,7267.52274507268,55114,GInPipe
2021-12-07,162326,7372.29661821727,54494,GInPipe
2021-12-08,164119,7453.71433952839,53728,GInPipe
2021-12-09,165403,7512.02865869729,52806,GInPipe
2021-12-10,166169,7546.81919254395,51739,GInPipe
2021-12-11,166388,7556.75889109639,50552,GInPipe
2021-12-12,166010,7539.59942199919,49273,GInPipe
2021-12-13,164972,7492.4440844934,47925,GInPipe
2021-12-14,163207,7412.31046857042,46532,GInPipe
2021-12-15,160666,7296.89703514591,45121,GInPipe
2021-12-16,157330,7145.38387287332,43727,GInPipe
2021-12-17,153227,6959.05275403339,42384,GInPipe
2021-12-18,148438,6741.5345093175,41108,GInPipe
2021-12-19,143089,6498.58809228821,39882,GInPipe
2021-12-20,137339,6237.45689614065,38657,GInPipe
2021-12-21,131362,5965.97971601091,37368,GInPipe
2021-12-22,125322,5691.70208567083,35969,GInPipe
2021-12-23,119367,5421.21248828006,34462,GInPipe
2021-12-24,113611,5159.83157607628,32905,GInPipe
2021-12-25,108147,4911.65570788969,31404,GInPipe
2021-12-26,103043,4679.84924085804,30083,GInPipe
2021-12-27,98357,4467.02657198184,29048,GInPipe
2021-12-28,94141,4275.5719391435,28363,GInPipe
2021-12-29,90447,4107.79727482458,28049,GInPipe
2021-12-30,87323,3965.90985296689,28096,GInPipe
2021-12-31,84811,3851.82630921561,28485,GInPipe
2022-01-01,82941,3766.91009241868,29202,GInPipe
2022-01-02,81726,3711.71923991394,30257,GInPipe
2022-01-03,81156,3685.8352235921,31666,GInPipe
2022-01-04,81200,3687.81313374224,33441,GInPipe
2022-01-05,81804,3715.26144405142,35559,GInPipe
2022-01-06,82900,3765.034851058,37960,GInPipe
2022-01-07,84408,3833.50895801158,40557,GInPipe
2022-01-08,86244,3916.89896840126,43267,GInPipe
2022-01-09,88329,4011.58278119214,46037,GInPipe
2022-01-10,90592,4114.39004272127,48858,GInPipe
2022-01-11,92980,4222.82305970438,51753,GInPipe
2022-01-12,95454,4335.18425537744,54756,GInPipe
2022-01-13,97995,4450.59845425374,57887,GInPipe
2022-01-14,100601,4568.93505990051,61166,GInPipe
2022-01-15,103281,4690.65151684033,64639,GInPipe
2022-01-16,106054,4816.59092650057,68408,GInPipe
2022-01-17,108942,4947.76988543582,72624,GInPipe
2022-01-18,111968,5085.18658286047,77431,GInPipe
2022-01-19,115149,5229.66617464094,82898,GInPipe
2022-01-20,118498,5381.74542795122,88978,GInPipe
2022-01-21,122017,5541.58775332241,95519,GInPipe
2022-01-22,125701,5708.91798080299,102347,GInPipe
2022-01-23,129534,5882.97498568325,109327,GInPipe
2022-01-24,133487,6062.4958009253,116391,GInPipe
2022-01-25,137522,6245.7586940511,123487,GInPipe
2022-01-26,141594,6430.71461167807,130512,GInPipe
2022-01-27,145657,6615.21964707362,137297,GInPipe
2022-01-28,149667,6797.34765437064,143649,GInPipe
2022-01-29,153595,6975.72394304353,149437,GInPipe
2022-01-30,157427,7149.79597378974,154658,GInPipe
2022-01-31,161174,7319.959339595,159428,GInPipe
2022-02-01,164863,7487.48893440375,163901,GInPipe
2022-02-02,168535,7654.27385805164,168174,GInPipe
2022-02-03,172237,7822.40090349956,172237,GInPipe
2022-02-04,176008,7993.66006933063,175990,GInPipe
2022-02-05,179870,8169.05279721781,179318,GInPipe
2022-02-06,183818,8348.37688781244,182154,GInPipe
2022-02-07,187816,8529.9517671486,184482,GInPipe
2022-02-08,191792,8710.53868067827,186300,GInPipe
2022-02-09,195645,8885.49783542008,187590,GInPipe
2022-02-10,199249,9049.1986044059,188309,GInPipe
2022-02-11,202474,9195.65383687359,188423,GInPipe
2022-02-12,205196,9319.29167483773,187928,GInPipe
2022-02-13,207320,9415.72808417583,186866,GInPipe
2022-02-14,208787,9482.38534461555,185314,GInPipe
2022-02-15,209590,9518.83123770652,183381,GInPipe
2022-02-16,209765,9526.78526040502,181193,GInPipe
2022-02-17,209391,9509.82603960453,178879,GInPipe
2022-02-18,208578,9472.90411764894,176549,GInPipe
2022-02-19,207453,9421.79108227673,174275,GInPipe
2022-02-20,206149,9362.57480944772,172075,GInPipe
2022-02-21,204799,9301.25751044345,169927,GInPipe
2022-02-22,203526,9243.45586958745,167796,GInPipe
2022-02-23,202441,9194.16645418558,165664,GInPipe
2022-02-24,201635,9157.55767952853,163553,GInPipe
2022-02-25,201178,9136.7774644627,161513,GInPipe
2022-02-26,201112,9133.80418002785,159605,GInPipe
2022-02-27,201455,9149.39300143029,157898,GInPipe
2022-02-28,202199,9183.16288957221,156483,GInPipe
2022-03-01,203314,9233.83076161345,155487,GInPipe
2022-03-02,204761,9299.54663770085,155074,GInPipe
2022-03-03,206494,9378.24294673893,155411,GInPipe
2022-03-04,208468,9467.90306992775,156624,GInPipe
2022-03-05,210643,9566.68256489131,158782,GInPipe
2022-03-06,212981,9672.86866273803,161898,GInPipe
2022-03-07,215444,9784.71865173067,165923,GInPipe
2022-03-08,217988,9900.25688227627,170739,GInPipe
2022-03-09,220561,10017.1229278259,176140,GInPipe
2022-03-10,223103,10132.5485023749,181855,GInPipe
2022-03-11,225546,10243.5033687221,187611,GInPipe
2022-03-12,227825,10347.0004394214,193201,GInPipe
2022-03-13,229883,10440.5003726294,198534,GInPipe
2022-03-14,231685,10522.3201646402,203608,GInPipe
2022-03-15,233218,10591.9402042512,208436,GInPipe
2022-03-16,234499,10650.1248683635,212972,GInPipe
2022-03-17,235571,10698.8179891665,217095,GInPipe
2022-03-18,236496,10740.8321755187,220663,GInPipe
2022-03-19,237346,10779.4016285179,223597,GInPipe
2022-03-20,238189,10817.6965278589,225917,GInPipe
2022-03-21,239085,10858.3970956817,227705,GInPipe
2022-03-22,240076,10903.4012879522,229018,GInPipe
2022-03-23,241183,10953.7028190981,229838,GInPipe
2022-03-24,242411,11009.4379178688,230077,GInPipe
2022-03-25,243746,11070.0679975181,229625,GInPipe
2022-03-26,245167,11134.6443112345,228383,GInPipe
2022-03-27,246652,11202.0895474755,226274,GInPipe
2022-03-28,248179,11271.430061123,223249,GInPipe
2022-03-29,249731,11341.9224651075,219295,GInPipe
2022-03-30,251297,11413.04157484,214461,GInPipe
2022-03-31,252867,11484.3327333744,208873,GInPipe
2022-04-01,254427,11555.1745977105,202711,GInPipe
2022-04-02,255954,11624.5367933289,196154,GInPipe
2022-04-03,257414,11690.8353659331,189329,GInPipe
2022-04-04,258760,11751.9751440719,182304,GInPipe
2022-04-05,259941,11805.619210903,175146,GInPipe
2022-04-06,260911,11849.6535838723,168001,GInPipe
2022-04-07,261639,11882.7449737983,161122,GInPipe
2022-04-08,262126,11904.8496761271,154806,GInPipe
2022-04-09,262406,11917.5400429832,149265,GInPipe
2022-04-10,262549,11924.0680991056,144514,GInPipe
2022-04-11,262661,11929.1595816617,140352,GInPipe
2022-04-12,262869,11938.5940019876,136444,GInPipe
2022-04-13,263311,11958.6545861328,132446,GInPipe
2022-04-14,264123,11995.5238550116,128124,GInPipe
2022-04-15,265425,12054.672929065,123414,GInPipe
2022-04-16,267310,12140.2697260884,118436,GInPipe
2022-04-17,269828,12254.6308345226,113471,GInPipe
2022-04-18,272979,12397.7658657485,108920,GInPipe
2022-04-19,276708,12567.0966163927,105231,GInPipe
2022-04-20,280899,12757.451875091,102775,GInPipe
2022-04-21,285390,12961.4200994739,101713,GInPipe
2022-04-22,289984,13170.0789457582,101910,GInPipe
2022-04-23,294475,13374.0263220183,102945,GInPipe
2022-04-24,298670,13564.5436294662,104207,GInPipe
2022-04-25,302416,13734.6644726245,105036,GInPipe
2022-04-26,305614,13879.9260468069,104877,GInPipe
2022-04-27,308228,13998.6472051948,103425,GInPipe
2022-04-28,310277,14091.6851783627,100707,GInPipe
2022-04-29,311819,14161.7380214322,97043,GInPipe
2022-04-30,312934,14212.350817634,92895,GInPipe
2022-05-01,313693,14246.8327620257,88677,GInPipe
2022-05-02,314144,14267.2970051455,84656,GInPipe
2022-05-03,314291,14274.0023086801,80957,GInPipe
2022-05-04,314095,14265.1136481399,77639,GInPipe
2022-05-05,313475,14236.9153095754,74745,GInPipe
2022-05-06,312319,14184.4145949363,72303,GInPipe
2022-05-07,310508,14102.1845687176,70299,GInPipe
2022-05-08,307933,13985.2356986973,68654,GInPipe
2022-05-09,304508,13829.7026839197,67240,GInPipe
2022-05-10,300182,13633.1925038146,65919,GInPipe
2022-05-11,294931,13394.7464219072,64582,GInPipe
2022-05-12,288760,13114.4859077941,63168,GInPipe
2022-05-13,281684,12793.1004965514,61651,GInPipe
2022-05-14,273719,12431.3698597851,60011,GInPipe
2022-05-15,264879,12029.8912873188,58212,GInPipe
2022-05-16,255174,11589.1229208917,56214,GInPipe
2022-05-17,244620,11109.7717964439,54008,GInPipe
2022-05-18,233252,10593.4677716782,51641,GInPipe
2022-05-19,221144,10043.5787678421,49212,GInPipe
2022-05-20,208425,9465.95223650096,46826,GInPipe
2022-05-21,195289,8869.33516522619,44541,GInPipe
2022-05-22,181988,8265.25767604493,42340,GInPipe
2022-05-23,168821,7667.27763122503,40156,GInPipe
2022-05-24,156103,7089.65750503192,37927,GInPipe
2022-05-25,144127,6545.72529163615,35663,GInPipe
2022-05-26,133130,6046.28703479529,33465,GInPipe
2022-05-27,123269,5598.45809227598,31502,GInPipe
2022-05-28,114609,5205.16132931746,29954,GInPipe
2022-05-29,107127,4865.35243225729,28955,GInPipe
2022-05-30,100731,4574.8488696535,28559,GInPipe
2022-05-31,95285,4327.51916535464,28741,GInPipe
2022-06-01,90640,4116.55467336653,29392,GInPipe
2022-06-02,86655,3935.58250646469,30341,GInPipe
2022-06-03,83218,3779.45496804616,31388,GInPipe
2022-06-04,80249,3644.64074100838,32378,GInPipe
2022-06-05,77708,3529.23013011436,33274,GInPipe
2022-06-06,75581,3432.64080281395,34193,GInPipe
2022-06-07,73875,3355.16063233308,35351,GInPipe
2022-06-08,72605,3297.47825833559,36948,GInPipe
2022-06-09,71787,3260.32424335066,39077,GInPipe
2022-06-10,71434,3244.28475365554,41691,GInPipe
2022-06-11,71555,3249.77769315163,44648,GInPipe
2022-06-12,72157,3277.12435971454,47755,GInPipe
2022-06-13,73247,3326.62605507041,50790,GInPipe
2022-06-14,74831,3398.56783459633,53518,GInPipe
2022-06-15,76913,3493.11048463327,55748,GInPipe
2022-06-16,79488,3610.07999378251,57418,GInPipe
2022-06-17,82541,3748.70490983104,58660,GInPipe
2022-06-18,86034,3907.37480196475,59767,GInPipe
2022-06-19,89912,4083.4931752554,61089,GInPipe
2022-06-20,94095,4273.47789237373,62907,GInPipe
2022-06-21,98487,4472.92888131506,65339,GInPipe
2022-06-22,102979,4676.94657325581,68305,GInPipe
2022-06-23,107462,4880.55440476677,71555,GInPipe
2022-06-24,111835,5079.1609887154,74767,GInPipe
2022-06-25,116015,5268.99423072059,77668,GInPipe
2022-06-26,119944,5447.44908778454,80116,GInPipe
2022-06-27,123596,5613.3087633302,82122,GInPipe
2022-06-28,126976,5766.8208724087,83778,GInPipe
2022-06-29,130121,5909.63084882368,85177,GInPipe
2022-06-30,133092,6044.59146455238,86366,GInPipe
2022-07-01,135974,6175.47868058274,87343,GInPipe
2022-07-02,138863,6306.65060819392,88098,GInPipe
2022-07-03,141858,6442.68883125368,88638,GInPipe
2022-07-04,145059,6588.05933489574,89004,GInPipe
2022-07-05,148554,6746.82222433177,89251,GInPipe
2022-07-06,152420,6922.40421265382,89438,GInPipe
2022-07-07,156715,7117.42751534504,89616,GInPipe
2022-07-08,161474,7333.56989552959,89829,GInPipe
2022-07-09,166711,7571.42281633382,90123,GInPipe
2022-07-10,172411,7830.32604762593,90538,GInPipe
2022-07-11,178530,8108.18837802496,91101,GInPipe
2022-07-12,184984,8401.34526225994,91813,GInPipe
2022-07-13,191660,8704.53627303015,92636,GInPipe
2022-07-14,198410,9011.08773001302,93501,GInPipe
2022-07-15,205065,9313.34778462368,94318,GInPipe
2022-07-16,211451,9603.3492592923,94987,GInPipe
2022-07-17,217401,9873.59469152291,95418,GInPipe
2022-07-18,222778,10117.8020296921,95537,GInPipe
2022-07-19,227482,10331.4446864194,95297,GInPipe
2022-07-20,231457,10511.9715095425,94691,GInPipe
2022-07-21,234687,10658.6816020606,93749,GInPipe
2022-07-22,237190,10772.3216152896,92528,GInPipe
2022-07-23,239000,10854.53619214,91074,GInPipe
2022-07-24,240162,10907.3180128694,89396,GInPipe
2022-07-25,240718,10932.5750942822,87461,GInPipe
2022-07-26,240703,10931.8778601397,85229,GInPipe
2022-07-27,240142,10906.3905240583,82702,GInPipe
2022-07-28,239053,10856.9490952268,79941,GInPipe
2022-07-29,237452,10784.2295748,77041,GInPipe
2022-07-30,235354,10688.9512438433,74078,GInPipe
2022-07-31,232780,10572.0712513774,71077,GInPipe
2022-08-01,229761,10434.9379033327,68032,GInPipe
2022-08-02,226336,10279.3766112874,64957,GInPipe
2022-08-03,222555,10107.6870621588,61927,GInPipe
2022-08-04,218479,9922.53964711962,59068,GInPipe
2022-08-05,214168,9726.77868531712,56497,GInPipe
2022-08-06,209685,9523.16785222739,54262,GInPipe
2022-08-07,205083,9314.13985742642,52326,GInPipe
2022-08-08,200403,9101.62401998135,50599,GInPipe
2022-08-09,195678,8887.01113928472,48999,GInPipe
2022-08-10,190928,8671.27407419806,47496,GInPipe
2022-08-11,186170,8455.20678779218,46107,GInPipe
2022-08-12,181425,8239.69600687437,44868,GInPipe
2022-08-13,176718,8025.92037939841,43792,GInPipe
2022-08-14,172083,7815.39389230238,42859,GInPipe
2022-08-15,167556,7609.82745945117,42028,GInPipe
2022-08-16,163175,7410.85290026134,41259,GInPipe
2022-08-17,158967,7219.70884987706,40525,GInPipe
2022-08-18,154944,7037.00755087246,39817,GInPipe
2022-08-19,151105,6862.6798117544,39130,GInPipe
2022-08-20,147439,6696.14267119586,38455,GInPipe
2022-08-21,143927,6536.66820153841,37770,GInPipe
2022-08-22,140563,6383.87011788844,37056,GInPipe
2022-08-23,137355,6238.18173294648,36300,GInPipe
2022-08-24,134339,6101.18538383549,35516,GInPipe
2022-08-25,131575,5975.67680696679,34739,GInPipe
2022-08-26,129147,5865.40690888443,34007,GInPipe
2022-08-27,127146,5774.52426574211,33344,GInPipe
2022-08-28,125655,5706.81980137922,32744,GInPipe
2022-08-29,124733,5664.92477195822,32179,GInPipe
2022-08-30,124396,5649.62073321216,31621,GInPipe
2022-08-31,124611,5659.39026713502,31059,GInPipe
2022-09-01,125291,5690.28755941618,30504,GInPipe
2022-09-02,126301,5736.15625039219,29987,GInPipe
2022-09-03,127469,5789.17629828939,29540,GInPipe
2022-09-04,128603,5840.68012413856,29187,GInPipe
2022-09-05,129515,5882.13796819993,28937,GInPipe
2022-09-06,130045,5906.17711772181,28794,GInPipe
2022-09-07,130073,5907.48127023331,28751,GInPipe
2022-09-08,129544,5883.42724463798,28801,GInPipe
2022-09-09,128463,5834.36036916455,28931,GInPipe
2022-09-10,126903,5763.47797308936,29132,GInPipe
2022-09-11,124985,5676.3636517029,29401,GInPipe
2022-09-12,122869,5580.27319897901,29741,GInPipe
2022-09-13,120734,5483.30273468023,30152,GInPipe
2022-09-14,118758,5393.56729179701,30626,GInPipe
2022-09-15,117105,5318.49009631298,31145,GInPipe
2022-09-16,115911,5264.26113837732,31696,GInPipe
2022-09-17,115277,5235.4826861239,32279,GInPipe
2022-09-18,115266,5234.99155557548,32918,GInPipe
2022-09-19,115901,5263.8397130288,33653,GInPipe
2022-09-20,117169,5321.42341879406,34525,GInPipe
2022-09-21,119026,5405.76450798589,35565,GInPipe
2022-09-22,121409,5513.94909715011,36796,GInPipe
2022-09-23,124244,5642.7075377645,38253,GInPipe
2022-09-24,127466,5789.07680826116,39998,GInPipe
2022-09-25,131033,5951.03940486455,42118,GInPipe
2022-09-26,134929,6128.00399675664,44683,GInPipe
2022-09-27,139178,6320.9985511808,47672,GInPipe
2022-09-28,143835,6532.4869895936,50933,GInPipe
2022-09-29,148972,6765.78379245569,54187,GInPipe
2022-09-30,154660,7024.11324249119,57127,GInPipe
2022-10-01,160942,7309.43320399578,59554,GInPipe
2022-10-02,167807,7621.21378714737,61501,GInPipe
2022-10-03,175166,7955.41929540226,63262,GInPipe
2022-10-04,182840,8303.96404192192,65285,GInPipe
2022-10-05,190567,8654.86751876756,67969,GInPipe
2022-10-06,198016,8993.20353373366,71491,GInPipe
2022-10-07,204832,9302.73917569247,75749,GInPipe
2022-10-08,210671,9567.9535038526,80437,GInPipe
2022-10-09,215252,9775.99432470767,85154,GInPipe
2022-10-10,218382,9918.1355137273,89459,GInPipe
2022-10-11,219974,9990.44231304792,92919,GInPipe
2022-10-12,220043,9993.58199382903,95191,GInPipe
2022-10-13,218686,9931.94420374499,96135,GInPipe
2022-10-14,216053,9812.38289074159,95880,GInPipe
2022-10-15,212322,9642.92636785912,94745,GInPipe
2022-10-16,207672,9431.73667080754,93087,GInPipe
2022-10-17,202272,9186.47450699707,91164,GInPipe
2022-10-18,196274,8914.0870426295,89106,GInPipe
2022-10-19,189819,8620.91839317303,86951,GInPipe
2022-10-20,183039,8312.97087148453,84703,GInPipe
2022-10-21,176062,7996.1323180948,82355,GInPipe
2022-10-22,169019,7676.23280422881,79868,GInPipe
2022-10-23,162031,7358.88768340842,77171,GInPipe
2022-10-24,155212,7049.19069025639,74188,GInPipe
2022-10-25,148655,6751.39905151269,70893,GInPipe
2022-10-26,142432,6468.76953245865,67348,GInPipe
2022-10-27,136595,6203.65194921177,63689,GInPipe
2022-10-28,131182,5957.84598502076,60048,GInPipe
2022-10-29,126234,5733.11821938227,56495,GInPipe
2022-10-30,121799,5531.70083375548,53028,GInPipe
2022-10-31,117943,5356.57996899497,49633,GInPipe
2022-11-01,114748,5211.43756215971,46362,GInPipe
2022-11-02,112299,5100.2200827032,43354,GInPipe
2022-11-03,110674,5026.43500895227,40779,GInPipe
2022-11-04,109924,4992.37416248804,38755,GInPipe
2022-11-05,110059,4998.4915786398,37283,GInPipe
2022-11-06,111041,5043.10854185375,36248,GInPipe
2022-11-07,112789,5122.5030720961,35455,GInPipe
2022-11-08,115185,5231.31667031436,34704,GInPipe
2022-11-09,118088,5363.130175963,33845,GInPipe
2022-11-10,121345,5511.0501183036,32826,GInPipe
2022-11-11,124805,5668.19735194027,31685,GInPipe
2022-11-12,128325,5828.06540627195,30510,GInPipe
2022-11-13,131775,5984.77756398938,29382,GInPipe
2022-11-14,135046,6133.29567450103,28345,GInPipe
2022-11-15,138047,6269.61927842133,27412,GInPipe
2022-11-16,140719,6390.97737640627,26586,GInPipe
2022-11-17,143031,6495.9797779374,25880,GInPipe
2022-11-18,144984,6584.67824301329,25306,GInPipe
2022-11-19,146610,6658.49619727273,24867,GInPipe
2022-11-20,147964,6720.0143265072,24554,GInPipe
2022-11-21,149123,6772.63460819074,24350,GInPipe
2022-11-22,150170,6820.17277737684,24233,GInPipe
2022-11-23,151188,6866.43926127046,24188,GInPipe
2022-11-24,152254,6914.86005970479,24203,GInPipe
2022-11-25,153428,6968.16871511,24271,GInPipe
2022-11-26,154749,7028.179607553,24390,GInPipe
2022-11-27,156235,7095.64168135294,24559,GInPipe
2022-11-28,157876,7170.17485838205,24779,GInPipe
2022-11-29,159640,7250.30447528301,25041,GInPipe
2022-11-30,161475,7333.61972828165,25328,GInPipe
2022-12-01,163312,7417.0756618723,25615,GInPipe
2022-12-02,165082,7497.42706022926,25883,GInPipe
2022-12-03,166718,7571.73394682253,26124,GInPipe
2022-12-04,168173,7637.83420117709,26346,GInPipe
2022-12-05,169424,7694.66466105175,26568,GInPipe
2022-12-06,170474,7742.34109068141,26812,GInPipe
2022-12-07,171347,7781.97038171182,27092,GInPipe
2022-12-08,172079,7815.23868785268,27411,GInPipe
2022-12-09,172710,7843.8692592202,27764,GInPipe
2022-12-10,173264,7869.06069639984,28150,GInPipe
2022-12-11,173748,7891.00602228476,28569,GInPipe
2022-12-12,174134,7908.57086597213,29026,GInPipe
2022-12-13,174368,7919.18701767606,29516,GInPipe
2022-12-14,174364,7918.99646192388,30024,GInPipe
2022-12-15,174017,7903.25320378804,30520,GInPipe
2022-12-16,173218,7866.94928937898,30974,GInPipe
2022-12-17,171867,7805.58071931398,31365,GInPipe
2022-12-18,169893,7715.92353871025,31689,GInPipe
2022-12-19,167267,7596.67050339326,31952,GInPipe
2022-12-20,164011,7448.79839077655,32159,GInPipe
2022-12-21,160197,7275.59380317516,32296,GInPipe
2022-12-22,155942,7082.34318299216,32318,GInPipe
2022-12-23,151394,6875.76416993218,32152,GInPipe
2022-12-24,146715,6663.29779484306,31715,GInPipe
2022-12-25,142071,6452.3854768854,30952,GInPipe
2022-12-26,137611,6249.8283432512,29876,GInPipe
2022-12-27,133460,6061.28615803752,28580,GInPipe
2022-12-28,129709,5890.93701368365,27211,GInPipe
2022-12-29,126414,5741.29741777274,25930,GInPipe
2022-12-30,123594,5613.19534518837,24858,GInPipe
2022-12-31,121231,5505.88787898373,24057,GInPipe
2023-01-01,119281,5417.31030891895,23504,GInPipe
2023-01-02,117676,5344.43051719735,23103,GInPipe
2023-01-03,116338,5283.66533930253,22716,GInPipe
2023-01-04,115185,5231.30431472209,22218,GInPipe
2023-01-05,114141,5183.88935166458,21551,GInPipe
2023-01-06,113142,5138.51679867168,20728,GInPipe
2023-01-07,112141,5093.05258214188,19807,GInPipe
2023-01-08,111111,5046.26889668176,18843,GInPipe
2023-01-09,110046,4997.91400085409,17864,GInPipe
2023-01-10,108963,4948.71604598786,16884,GInPipe
2023-01-11,107897,4900.30760091467,15917,GInPipe
2023-01-12,106901,4855.05269331527,14993,GInPipe
2023-01-13,106036,4815.77089563542,14137,GInPipe
2023-01-14,105367,4785.38099037243,13357,GInPipe
2023-01-15,104951,4766.51778269448,12638,GInPipe
2023-01-16,104834,4761.19376033876,11958,GInPipe
2023-01-17,105041,4770.57188722454,11306,GInPipe
2023-01-18,105576,4794.88759581279,10700,GInPipe
2023-01-19,106426,4833.5185749394,10171,GInPipe
2023-01-20,107564,4885.16598997528,9753,GInPipe
2023-01-21,108949,4948.09210382598,9467,GInPipe
2023-01-22,110540,5020.35998537125,9313,GInPipe
2023-01-23,112295,5100.03618144956,9279,GInPipe
2023-01-24,114173,5185.33824951013,9348,GInPipe
2023-01-25,116141,5274.72804882337,9498,GInPipe
2023-01-26,118172,5366.9640245897,9704,GInPipe
2023-01-27,120246,5461.13006579897,9946,GInPipe
2023-01-28,122349,5556.65580350735,10204,GInPipe
2023-01-29,124478,5653.33553954216,10470,GInPipe
2023-01-30,126636,5751.34295898643,10739,GInPipe
2023-01-31,128835,5851.2291156862,11007,GInPipe
2023-02-01,131095,5953.88446442648,11264,GInPipe
2023-02-02,133441,6060.44416688496,11495,GInPipe
2023-02-03,135900,6172.12132579802,11686,GInPipe
2023-02-04,138495,6289.96645212571,11833,GInPipe
2023-02-05,141239,6414.57331252359,11938,GInPipe
2023-02-06,144128,6545.77845506372,12010,GInPipe
2023-02-07,147137,6682.42674973905,12064,GInPipe
2023-02-08,150216,6822.2863717897,12112,GInPipe
2023-02-09,153296,6962.18140819176,12168,GInPipe
2023-02-10,156295,7098.36310077288,12241,GInPipe
2023-02-11,159129,7227.06997807718,12341,GInPipe
2023-02-12,161729,7345.15598352196,12472,GInPipe
2023-02-13,164051,7450.62377338419,12638,GInPipe
2023-02-14,166083,7542.90882664,12835,GInPipe
2023-02-15,167843,7622.81962963874,13053,GInPipe
2023-02-16,169369,7692.12940563024,13273,GInPipe
2023-02-17,170707,7752.90483956376,13479,GInPipe
2023-02-18,171892,7806.72109919802,13661,GInPipe
2023-02-19,172931,7853.93833657261,13826,GInPipe
2023-02-20,173796,7893.20389485051,13998,GInPipe
2023-02-21,174415,7921.30345559912,14207,GInPipe
2023-02-22,174681,7933.42013934076,14478,GInPipe
2023-02-23,174469,7923.78022909937,14813,GInPipe
2023-02-24,173650,7886.57943743847,15191,GInPipe
2023-02-25,172118,7817.01311161907,15564,GInPipe
2023-02-26,169811,7712.19902655328,15873,GInPipe
2023-02-27,166719,7571.79768752142,16046,GInPipe
2023-02-28,162897,7398.20240230523,16018,GInPipe
2023-03-01,158451,7196.27214891496,15740,GInPipe
2023-03-02,153528,6972.68504276751,15198,GInPipe
2023-03-03,148296,6735.06899928324,14416,GInPipe
2023-03-04,142924,6491.09912112623,13447,GInPipe
2023-03-05,137565,6247.73417836203,12353,GInPipe
2023-03-06,132346,6010.70780070003,11197,GInPipe
2023-03-07,127362,5784.31354382402,10046,GInPipe
2023-03-08,122675,5571.44928691241,8978,GInPipe
2023-03-09,118323,5373.83447880524,8065,GInPipe
2023-03-10,114326,5192.29469196516,7354,GInPipe
2023-03-11,110687,5027.02239452413,6853,GInPipe
2023-03-12,107401,4877.76094266022,6529,GInPipe
2023-03-13,104453,4743.90365575021,6329,GInPipe
2023-03-14,101825,4624.53422827155,6200,GInPipe
2023-03-15,99489,4518.4481863692,6102,GInPipe
2023-03-16,97414,4424.187702339,6013,GInPipe
2023-03-17,95562,4340.10272956065,5922,GInPipe
2023-03-18,93896,4264.4318809518,5824,GInPipe
2023-03-19,92376,4195.38524230835,5716,GInPipe
2023-03-20,90963,4131.21071836903,5595,GInPipe
2023-03-21,89620,4070.23272573786,5457,GInPipe
2023-03-22,88313,4010.86211305249,5305,GInPipe
2023-03-23,87008,3951.58471976713,5143,GInPipe
2023-03-24,85672,3890.94045316257,4976,GInPipe
2023-03-25,84276,3827.50460687859,4805,GInPipe
2023-03-26,82787,3759.87937139384,4627,GInPipe
2023-03-27,81175,3686.69813663463,4437,GInPipe
2023-03-28,79413,3606.64069130119,4235,GInPipe
2023-03-29,77471,3518.45591193949,4024,GInPipe
2023-03-30,75325,3420.99119606912,3815,GInPipe
2023-03-31,72952,3313.2344013426,3617,GInPipe
2023-04-01,76934,3494,3436,Wastewater
2023-04-02,74742,3395,3271,Wastewater
2023-04-03,72844,3308,3114,Wastewater
2023-04-04,71194,3233,2958,Wastewater
2023-04-05,69751,3168,2796,Wastewater
2023-04-06,68785,3124,2627,Wastewater
2023-04-07,68447,3109,2454,Wastewater
2023-04-08,68534,3113,2284,Wastewater
2023-04-09,68855,3127,2123,Wastewater
2023-04-10,69218,3144,1982,Wastewater
2023-04-11,69429,3153,1872,Wastewater
2023-04-12,69290,3147,1800,Wastewater
2023-04-13,69063,3137,1770,Wastewater
2023-04-14,69068,3137,1777,Wastewater
2023-04-15,69200,3143,1809,Wastewater
2023-04-16,69353,3150,1848,Wastewater
2023-04-17,69422,3153,1879,Wastewater
2023-04-18,69301,3147,1889,Wastewater
2023-04-19,68886,3129,1873,Wastewater
2023-04-20,68242,3099,1833,Wastewater
2023-04-21,67505,3066,1779,Wastewater
2023-04-22,66681,3028,1719,Wastewater
2023-04-23,65773,2987,1659,Wastewater
2023-04-24,64789,2942,1601,Wastewater
2023-04-25,63733,2895,1545,Wastewater
2023-04-26,62612,2844,1490,Wastewater
2023-04-27,61478,2792,1436,Wastewater
2023-04-28,60355,2741,1381,Wastewater
2023-04-29,59211,2689,1325,Wastewater
2023-04-30,58012,2635,1268,Wastewater
2023-05-01,56730,2576,1212,Wastewater
2023-05-02,55340,2513,1162,Wastewater
2023-05-03,53819,2444,1122,Wastewater
2023-05-04,52034,2363,1096,Wastewater
2023-05-05,49974,2270,1085,Wastewater
2023-05-06,47796,2171,1084,Wastewater
2023-05-07,45634,2073,1091,Wastewater
2023-05-08,43603,1980,1097,Wastewater
2023-05-09,41797,1898,1096,Wastewater
2023-05-10,40294,1830,1086,Wastewater
2023-05-11,39025,1772,1063,Wastewater
2023-05-12,37853,1719,1032,Wastewater
2023-05-13,36752,1669,996,Wastewater
2023-05-14,35697,1621,956,Wastewater
2023-05-15,34668,1575,913,Wastewater
2023-05-16,33647,1528,867,Wastewater
2023-05-17,32616,1481,819,Wastewater
2023-05-18,31626,1436,771,Wastewater
2023-05-19,30717,1395,726,Wastewater
2023-05-20,29861,1356,687,Wastewater
2023-05-21,29032,1319,657,Wastewater
2023-05-22,28208,1281,636,Wastewater
2023-05-23,27369,1243,622,Wastewater
2023-05-24,26496,1203,613,Wastewater
2023-05-25,25589,1162,606,Wastewater
2023-05-26,24666,1120,597,Wastewater
2023-05-27,23748,1079,583,Wastewater
2023-05-28,22851,1038,562,Wastewater
2023-05-29,21989,999,535,Wastewater
2023-05-30,21174,962,504,Wastewater
2023-05-31,20415,927,475,Wastewater
2023-06-01,19645,892,451,Wastewater
2023-06-02,18823,855,434,Wastewater
2023-06-03,17995,817,424,Wastewater
2023-06-04,17199,781,419,Wastewater
2023-06-05,16468,748,415,Wastewater
2023-06-06,15829,719,410,Wastewater
2023-06-07,15304,695,401,Wastewater
2023-06-08,14892,676,388,Wastewater
2023-06-09,14560,661,374,Wastewater
2023-06-10,14283,649,359,Wastewater
2023-06-11,14040,638,346,Wastewater
2023-06-12,13812,627,335,Wastewater
2023-06-13,13580,617,326,Wastewater
2023-06-14,13326,605,318,Wastewater
2023-06-15,13058,593,311,Wastewater
2023-06-16,12795,581,304,Wastewater
2023-06-17,12541,570,296,Wastewater
2023-06-18,12299,559,288,Wastewater
2023-06-19,12073,548,278,Wastewater
2023-06-20,11865,539,267,Wastewater
2023-06-21,11678,530,256,Wastewater
2023-06-22,11475,521,245,Wastewater
2023-06-23,11238,510,235,Wastewater
2023-06-24,10993,499,225,Wastewater
2023-06-25,10764,489,215,Wastewater
2023-06-26,10576,480,205,Wastewater
2023-06-27,10448,475,195,Wastewater
2023-06-28,10402,472,186,Wastewater
2023-06-29,10440,474,178,Wastewater
2023-06-30,10540,479,172,Wastewater
2023-07-01,10688,485,167,Wastewater
2023-07-02,10871,494,163,Wastewater
2023-07-03,11073,503,161,Wastewater
2023-07-04,11281,512,159,Wastewater
2023-07-05,11478,521,157,Wastewater
2023-07-06,11694,531,155,Wastewater
2023-07-07,11966,543,154,Wastewater
2023-07-08,12282,558,153,Wastewater
2023-07-09,12631,574,153,Wastewater
2023-07-10,12997,590,153,Wastewater
2023-07-11,13367,607,155,Wastewater
2023-07-12,13723,623,159,Wastewater
2023-07-13,14075,639,163,Wastewater
2023-07-14,14446,656,167,Wastewater
2023-07-15,14835,674,171,Wastewater
2023-07-16,15244,692,174,Wastewater
2023-07-17,15673,712,176,Wastewater
2023-07-18,16123,732,178,Wastewater
2023-07-19,16595,754,179,Wastewater
2023-07-20,17085,776,180,Wastewater
2023-07-21,17587,799,182,Wastewater
2023-07-22,18105,822,184,Wastewater
2023-07-23,18640,847,188,Wastewater
2023-07-24,19194,872,195,Wastewater
2023-07-25,19769,898,203,Wastewater
2023-07-26,20369,925,214,Wastewater
2023-07-27,21066,957,226,Wastewater
2023-07-28,21905,995,238,Wastewater
2023-07-29,22847,1038,249,Wastewater
2023-07-30,23845,1083,259,Wastewater
2023-07-31,24843,1128,268,Wastewater
2023-08-01,25776,1171,276,Wastewater
2023-08-02,26570,1207,283,Wastewater
2023-08-03,27200,1235,288,Wastewater
2023-08-04,27715,1259,292,Wastewater
2023-08-05,28148,1278,296,Wastewater
2023-08-06,28536,1296,301,Wastewater
2023-08-07,28916,1313,306,Wastewater
2023-08-08,29332,1332,314,Wastewater
2023-08-09,29825,1355,324,Wastewater
2023-08-10,30400,1381,336,Wastewater
2023-08-11,31012,1408,351,Wastewater
2023-08-12,31642,1437,368,Wastewater
2023-08-13,32265,1465,388,Wastewater
2023-08-14,32856,1492,413,Wastewater
2023-08-15,33388,1516,443,Wastewater
2023-08-16,33833,1537,475,Wastewater
2023-08-17,34118,1550,510,Wastewater
2023-08-18,34232,1555,544,Wastewater
2023-08-19,34246,1555,575,Wastewater
2023-08-20,34230,1555,604,Wastewater
2023-08-21,34255,1556,630,Wastewater
2023-08-22,34392,1562,652,Wastewater
2023-08-23,34715,1577,672,Wastewater
2023-08-24,35081,1593,689,Wastewater
2023-08-25,35341,1605,703,Wastewater
2023-08-26,35563,1615,713,Wastewater
2023-08-27,35815,1627,722,Wastewater
2023-08-28,36168,1643,730,Wastewater
2023-08-29,36696,1667,737,Wastewater
2023-08-30,37481,1702,745,Wastewater
2023-08-31,38624,1754,754,Wastewater
2023-09-01,40125,1822,764,Wastewater
2023-09-02,41912,1904,777,Wastewater
2023-09-03,43903,1994,793,Wastewater
2023-09-04,45999,2089,815,Wastewater
2023-09-05,48080,2184,844,Wastewater
2023-09-06,50004,2271,878,Wastewater
2023-09-07,52143,2368,916,Wastewater
2023-09-08,54878,2492,956,Wastewater
2023-09-09,58046,2636,995,Wastewater
2023-09-10,61440,2790,1033,Wastewater
2023-09-11,64803,2943,1067,Wastewater
2023-09-12,67818,3080,1099,Wastewater
2023-09-13,70121,3185,1125,Wastewater
2023-09-14,71676,3255,1146,Wastewater
2023-09-15,72751,3304,1160,Wastewater
2023-09-16,73437,3335,1169,Wastewater
2023-09-17,73834,3353,1174,Wastewater
2023-09-18,74050,3363,1177,Wastewater
2023-09-19,74195,3370,1179,Wastewater
2023-09-20,74381,3378,1180,Wastewater
2023-09-21,74149,3368,1182,Wastewater
2023-09-22,73169,3323,1184,Wastewater
2023-09-23,71761,3259,1186,Wastewater
2023-09-24,70231,3190,1189,Wastewater
2023-09-25,68865,3128,1193,Wastewater
2023-09-26,67929,3085,1198,Wastewater
2023-09-27,67677,3074,1206,Wastewater
2023-09-28,67820,3080,1217,Wastewater
2023-09-29,67943,3086,1228,Wastewater
2023-09-30,68114,3094,1238,Wastewater
2023-10-01,68404,3107,1247,Wastewater
2023-10-02,68884,3128,1255,Wastewater
2023-10-03,69629,3162,1265,Wastewater
2023-10-04,70720,3212,1282,Wastewater
2023-10-05,72379,3287,1310,Wastewater
2023-10-06,74681,3392,1351,Wastewater
2023-10-07,77488,3519,1406,Wastewater
2023-10-08,80644,3663,1472,Wastewater
2023-10-09,83970,3814,1547,Wastewater
2023-10-10,87252,3963,1624,Wastewater
2023-10-11,90244,4099,1697,Wastewater
2023-10-12,93276,4236,1758,Wastewater
2023-10-13,96779,4395,1804,Wastewater
2023-10-14,100629,4570,1837,Wastewater
2023-10-15,104682,4754,1860,Wastewater
2023-10-16,108766,4940,1877,Wastewater
2023-10-17,112683,5118,1892,Wastewater
2023-10-18,116208,5278,1908,Wastewater
2023-10-19,119266,5417,1926,Wastewater
2023-10-20,121999,5541,1948,Wastewater
2023-10-21,124501,5654,1979,Wastewater
2023-10-22,126878,5762,2023,Wastewater
2023-10-23,129247,5870,2083,Wastewater
2023-10-24,131733,5983,2158,Wastewater
2023-10-25,134471,6107,2244,Wastewater
2023-10-26,137166,6230,2332,Wastewater
2023-10-27,139522,6337,2414,Wastewater
2023-10-28,141698,6435,2482,Wastewater
2023-10-29,143864,6534,2531,Wastewater
2023-10-30,146201,6640,2563,Wastewater
2023-10-31,148902,6763,2584,Wastewater
2023-11-01,152176,6911,2601,Wastewater
2023-11-02,156051,7087,2623,Wastewater
2023-11-03,160354,7283,2656,Wastewater
2023-11-04,165005,7494,2703,Wastewater
2023-11-05,169910,7717,2764,Wastewater
2023-11-06,174964,7946,2839,Wastewater
2023-11-07,180050,8177,2923,Wastewater
2023-11-08,185037,8404,3007,Wastewater
2023-11-09,190376,8646,3085,Wastewater
2023-11-10,196470,8923,3147,Wastewater
2023-11-11,203079,9223,3193,Wastewater
2023-11-12,209930,9534,3223,Wastewater
2023-11-13,216710,9842,3242,Wastewater
2023-11-14,223066,10131,3255,Wastewater
2023-11-15,228609,10383,3265,Wastewater
2023-11-16,233329,10597,3275,Wastewater
2023-11-17,237556,10789,3286,Wastewater
2023-11-18,241398,10963,3302,Wastewater
2023-11-19,244972,11126,3324,Wastewater
2023-11-20,248408,11282,3351,Wastewater
2023-11-21,251841,11438,3381,Wastewater
2023-11-22,255416,11600,3413,Wastewater
2023-11-23,257765,11707,3442,Wastewater
2023-11-24,258018,11718,3467,Wastewater
2023-11-25,257117,11677,3488,Wastewater
2023-11-26,256020,11628,3507,Wastewater
2023-11-27,255672,11612,3526,Wastewater
2023-11-28,257018,11673,3545,Wastewater
2023-11-29,261047,11856,3566,Wastewater
2023-11-30,268805,12208,3585,Wastewater
2023-12-01,280024,12718,3602,Wastewater
2023-12-02,293755,13341,3616,Wastewater
2023-12-03,308890,14029,3629,Wastewater
2023-12-04,324071,14718,3647,Wastewater
2023-12-05,337667,15336,3677,Wastewater
2023-12-06,347811,15796,3725,Wastewater
2023-12-07,357748,16248,3793,Wastewater
2023-12-08,371041,16851,3880,Wastewater
2023-12-09,386056,17533,3983,Wastewater
2023-12-10,400901,18208,4097,Wastewater
2023-12-11,413387,18775,4217,Wastewater
2023-12-12,421098,19125,4335,Wastewater
2023-12-13,421589,19147,4443,Wastewater
2023-12-14,414370,18819,4530,Wastewater
2023-12-15,401754,18246,4590,Wastewater
2023-12-16,385685,17516,4619,Wastewater
2023-12-17,367987,16713,4615,Wastewater
2023-12-18,350257,15907,4577,Wastewater
2023-12-19,333830,15161,4508,Wastewater
2023-12-20,319796,14524,4406,Wastewater
2023-12-21,305772,13887,4272,Wastewater
2023-12-22,289607,13153,4103,Wastewater
2023-12-23,272493,12376,3894,Wastewater
2023-12-24,255434,11601,3643,Wastewater
2023-12-25,239234,10865,3357,Wastewater
2023-12-26,224510,10196,3059,Wastewater
2023-12-27,211719,9616,2778,Wastewater
2023-12-28,200189,9092,2544,Wastewater
2023-12-29,189084,8588,2374,Wastewater
2023-12-30,178500,8107,2271,Wastewater
2023-12-31,168512,7653,2225,Wastewater
2024-01-01,159173,7229,2217,Wastewater
2024-01-02,150518,6836,2228,Wastewater
2024-01-03,142570,6475,2236,Wastewater
2024-01-04,134665,6116,2228,Wastewater
2024-01-05,126483,5744,2202,Wastewater
2024-01-06,118482,5381,2162,Wastewater
2024-01-07,111019,5042,2111,Wastewater
2024-01-08,104366,4740,2050,Wastewater
2024-01-09,98724,4484,1974,Wastewater
2024-01-10,94249,4280,1882,Wastewater
2024-01-11,90846,4126,1778,Wastewater
2024-01-12,88222,4007,1669,Wastewater
2024-01-13,86241,3917,1563,Wastewater
2024-01-14,84788,3851,1466,Wastewater
2024-01-15,83765,3804,1377,Wastewater
2024-01-16,83083,3773,1294,Wastewater
2024-01-17,82662,3754,1218,Wastewater
2024-01-18,82426,3743,1150,Wastewater
2024-01-19,82301,3738,1092,Wastewater
2024-01-20,82215,3734,1043,Wastewater
2024-01-21,82096,3729,1003,Wastewater
2024-01-22,81873,3718,969,Wastewater
2024-01-23,81474,3700,941,Wastewater
2024-01-24,80832,3671,916,Wastewater
2024-01-25,79979,3632,896,Wastewater
2024-01-26,78987,3587,878,Wastewater
2024-01-27,77856,3536,863,Wastewater
2024-01-28,76588,3478,848,Wastewater
2024-01-29,75184,3415,833,Wastewater
2024-01-30,73647,3345,817,Wastewater
2024-01-31,71981,3269,799,Wastewater
2024-02-01,70192,3188,780,Wastewater
2024-02-02,68284,3101,761,Wastewater
2024-02-03,66267,3010,743,Wastewater
2024-02-04,64147,2913,725,Wastewater
2024-02-05,61935,2813,707,Wastewater
2024-02-06,59640,2709,690,Wastewater
2024-02-07,57273,2601,671,Wastewater
2024-02-08,54830,2490,653,Wastewater
2024-02-09,52328,2377,635,Wastewater
2024-02-10,49810,2262,616,Wastewater
2024-02-11,47314,2149,595,Wastewater
2024-02-12,44872,2038,573,Wastewater
2024-02-13,42510,1931,548,Wastewater
2024-02-14,40248,1828,523,Wastewater
2024-02-15,38006,1726,498,Wastewater
2024-02-16,35731,1623,475,Wastewater
2024-02-17,33478,1520,455,Wastewater
2024-02-18,31291,1421,438,Wastewater
2024-02-19,29205,1326,423,Wastewater
2024-02-20,27245,1237,408,Wastewater
2024-02-21,25430,1155,393,Wastewater
2024-02-22,23772,1080,378,Wastewater
2024-02-23,22278,1012,363,Wastewater
2024-02-24,20950,951,349,Wastewater
2024-02-25,19790,899,335,Wastewater
2024-02-26,18796,854,321,Wastewater
2024-02-27,17967,816,308,Wastewater
2024-02-28,17302,786,296,Wastewater
2024-02-29,16812,764,284,Wastewater
2024-03-01,16485,749,274,Wastewater
2024-03-02,16289,740,265,Wastewater
2024-03-03,16200,736,257,Wastewater
2024-03-04,16194,735,250,Wastewater
2024-03-05,16251,738,243,Wastewater
2024-03-06,16350,743,236,Wastewater
2024-03-07,16470,748,228,Wastewater
2024-03-08,16591,753,221,Wastewater
2024-03-09,16690,758,214,Wastewater
2024-03-10,16747,761,207,Wastewater
2024-03-11,16738,760,200,Wastewater
2024-03-12,16642,756,193,Wastewater
2024-03-13,16440,747,187,Wastewater
2024-03-14,16142,733,181,Wastewater
2024-03-15,15782,717,177,Wastewater
2024-03-16,15380,699,173,Wastewater
2024-03-17,14954,679,169,Wastewater
2024-03-18,14522,660,166,Wastewater
2024-03-19,14097,640,162,Wastewater
2024-03-20,13694,622,158,Wastewater
2024-03-21,13324,605,154,Wastewater
2024-03-22,12999,590,150,Wastewater
2024-03-23,12726,578,146,Wastewater
2024-03-24,12517,568,143,Wastewater
2024-03-25,12379,562,139,Wastewater
2024-03-26,12323,560,135,Wastewater
2024-03-27,12360,561,131,Wastewater
2024-03-28,12546,570,126,Wastewater
2024-03-29,12898,586,121,Wastewater
2024-03-30,13366,607,116,Wastewater
2024-03-31,13895,631,110,Wastewater
2024-04-01,14421,655,106,Wastewater
2024-04-02,14873,675,102,Wastewater
2024-04-03,15169,689,101,Wastewater
2024-04-04,15296,695,101,Wastewater
2024-04-05,15310,695,102,Wastewater
2024-04-06,15229,692,105,Wastewater
2024-04-07,15074,685,107,Wastewater
2024-04-08,14867,675,107,Wastewater
2024-04-09,14627,664,107,Wastewater
2024-04-10,14375,653,104,Wastewater
2024-04-11,14131,642,101,Wastewater
2024-04-12,13910,632,97,Wastewater
2024-04-13,13730,624,93,Wastewater
2024-04-14,13607,618,89,Wastewater
2024-04-15,13556,616,86,Wastewater
2024-04-16,13595,617,84,Wastewater
2024-04-17,13740,624,83,Wastewater
2024-04-18,14034,637,82,Wastewater
2024-04-19,14496,658,81,Wastewater
2024-04-20,15113,686,81,Wastewater
2024-04-21,15875,721,81,Wastewater
2024-04-22,16768,762,82,Wastewater
2024-04-23,17779,807,83,Wastewater
2024-04-24,18885,858,85,Wastewater
2024-04-25,20061,911,88,Wastewater
2024-04-26,21271,966,91,Wastewater
2024-04-27,22470,1021,95,Wastewater
2024-04-28,23605,1072,100,Wastewater
2024-04-29,24613,1118,105,Wastewater
2024-04-30,25427,1155,110,Wastewater
2024-05-01,25976,1180,115,Wastewater
2024-05-02,26254,1192,119,Wastewater
2024-05-03,26318,1195,123,Wastewater
2024-05-04,26200,1190,126,Wastewater
2024-05-05,25935,1178,129,Wastewater
2024-05-06,25560,1161,130,Wastewater
2024-05-07,25112,1141,131,Wastewater
2024-05-08,24627,1118,131,Wastewater
2024-05-09,24137,1096,130,Wastewater
2024-05-10,23674,1075,130,Wastewater
2024-05-11,23266,1057,129,Wastewater
2024-05-12,22939,1042,130,Wastewater
2024-05-13,22719,1032,132,Wastewater
2024-05-14,22632,1028,135,Wastewater
2024-05-15,22705,1031,139,Wastewater
2024-05-16,22997,1044,143,Wastewater
2024-05-17,23507,1068,145,Wastewater
2024-05-18,24175,1098,145,Wastewater
2024-05-19,24937,1133,142,Wastewater
2024-05-20,25722,1168,137,Wastewater
2024-05-21,26450,1201,131,Wastewater
2024-05-22,27031,1228,125,Wastewater
2024-05-23,27479,1248,121,Wastewater
2024-05-24,27876,1266,119,Wastewater
2024-05-25,28232,1282,119,Wastewater
2024-05-26,28557,1297,120,Wastewater
2024-05-27,28865,1311,122,Wastewater
2024-05-28,29165,1325,123,Wastewater
2024-05-29,29473,1339,124,Wastewater
2024-05-30,29800,1353,124,Wastewater
2024-05-31,30161,1370,124,Wastewater
2024-06-01,30571,1388,124,Wastewater
2024-06-02,31045,1410,125,Wastewater
2024-06-03,31600,1435,128,Wastewater
2024-06-04,32254,1465,133,Wastewater
2024-06-05,33028,1500,139,Wastewater
2024-06-06,34020,1545,147,Wastewater
2024-06-07,35279,1602,155,Wastewater
2024-06-08,36747,1669,163,Wastewater
2024-06-09,38361,1742,172,Wastewater
2024-06-10,40041,1819,181,Wastewater
2024-06-11,41696,1894,191,Wastewater
2024-06-12,43218,1963,202,Wastewater
2024-06-13,44654,2028,214,Wastewater
2024-06-14,46126,2095,226,Wastewater
2024-06-15,47630,2163,238,Wastewater
2024-06-16,49160,2233,252,Wastewater
2024-06-17,50710,2303,267,Wastewater
2024-06-18,52273,2374,284,Wastewater
2024-06-19,53841,2445,303,Wastewater
2024-06-20,55406,2516,323,Wastewater
2024-06-21,56958,2587,342,Wastewater
2024-06-22,58488,2656,362,Wastewater
2024-06-23,59984,2724,381,Wastewater
2024-06-24,61434,2790,400,Wastewater
2024-06-25,62828,2853,418,Wastewater
2024-06-26,64152,2914,436,Wastewater
2024-06-27,65412,2971,452,Wastewater
2024-06-28,66624,3026,465,Wastewater
2024-06-29,67782,3078,476,Wastewater
2024-06-30,68885,3129,483,Wastewater
2024-07-01,69930,3176,488,Wastewater
2024-07-02,70915,3221,NA,Wastewater
2024-07-03,71836,3263,NA,Wastewater
