,Epitope Classes,14,15,16,17,18,19,20,140,141,142,143,144,145,146,147,148,149,150,151,152,153,154,155,156,157,158,245,246,247,248,249,250,251,252,253,254,255,256,257,258,259,260,261,262,263,264,331,332,333,334,335,336,337,338,339,340,341,342,344,345,346,347,348,349,351,352,353,354,356,357,358,359,360,361,362,363,365,366,367,368,369,370,371,372,373,374,375,376,377,378,380,381,382,383,384,385,386,387,388,389,390,391,392,393,394,395,396,397,399,401,402,403,404,405,406,407,408,409,410,411,413,414,415,417,418,419,420,421,424,425,426,427,428,429,430,433,434,435,437,438,439,440,441,443,444,445,446,447,448,449,450,451,452,453,455,456,458,459,460,461,462,463,464,465,466,468,469,470,471,472,473,474,475,476,477,478,479,480,481,482,483,484,485,486,487,488,489,490,491,492,493,494,496,498,499,500,501,502,503,504,505,506,507,508,510,512,513,514,515,516,517,518,519,520,521,522,523,524,525,526,527,528,529,530,531
0,A,1.0,1.0,1.0,1.0,1.0,1.0,1.0,1.0,1.0,1.0,1.0,1.0,1.0,1.0,1.0,1.0,1.0,1.0,1.0,1.0,1.0,1.0,1.0,1.0,1.0,1.0,1.0,1.0,1.0,1.0,1.0,1.0,1.0,1.0,1.0,1.0,1.0,1.0,1.0,1.0,1.0,1.0,1.0,1.0,1.0,1.0,0.16874623853211007,0.16874623853211007,0.16874623853211007,0.48739098880767445,0.5432209782513115,0.16874623853211007,0.3278146768788302,0.19811650137808698,0.16874623853211007,0.4063649256860484,0.16874623853211007,0.19059951215502474,0.17115836021511738,0.16874623853211007,1.8513469145794006,1.217062098722161,0.22050304899842837,0.23922214237685294,0.16874623853211007,0.36558827035155966,0.16874623853211007,0.7029255086396454,0.4478167138072737,0.3154616373316869,2.29087674052847,0.3831437030554273,0.44604222390975384,0.5790628988056838,0.9747345522930239,0.22606577692867114,0.26333743494502426,0.9511000553057769,0.25206370089891245,0.17017257758406057,1.5786479326595702,0.3474527713005969,0.26300061314314865,0.16874623853211007,0.16874623853211007,0.25433326261974215,0.19054659328138732,0.23602757353349268,1.1974448635325325,0.2771182195974099,0.2864731723130564,0.17683767265338568,0.3189304268741033,0.16874623853211007,0.6342742447333326,0.3563253304508593,0.16980007309033882,0.1747206561289194,0.27684398904789387,0.26174123747646905,0.32835433547243226,0.25502620409130794,0.34344958632899736,0.16874623853211007,0.7711004118362141,0.16874623853211007,0.6446601368752684,0.21449013437198933,0.26024642691699756,0.16874623853211007,0.1884835828812376,2.089187857278967,0.1781030496578051,0.3667357376347144,2.200022790549447,0.16874623853211007,0.8262216186043451,2.9292542365317282,0.1826510351298962,0.789230197243635,0.8275954565209769,0.1912373737814285,0.6082491416111747,2.925451496767946,0.3409327723032319,0.2904096546847482,1.5127798613827297,0.9125739110789628,0.17073927534751646,0.16874623853211007,0.16874623853211007,0.3025059876250271,0.34387947661158524,0.2626825969639901,0.42164545230941586,0.17168624641481167,0.318639582258462,0.1687675638446085,0.3119882111988496,0.46294376301540513,0.9098468663072095,0.3569141612622262,1.2105146171498835,0.25094112048899825,0.4906128404794512,1.6063132818000176,1.5134833459351114,88.50222479982135,1.8414707561317447,0.5743666748582167,0.520147784158067,0.16874623853211007,0.16874623853211007,1.0915816235936604,1.4634898553534332,1.5098119268472325,0.2864725833035805,0.6053885622189584,0.9550551050539065,0.17126561207882637,0.16874623853211007,1.6722494829264483,0.2490900370707344,0.18932425199052674,0.17601788600354928,0.41779749649539205,0.28339078362341713,0.18249992940366644,0.22114366002921085,0.5323618821056885,0.9189862479865649,0.3228865177069923,1.7231805951237218,0.6156190776754497,0.16874623853211007,0.36498997803872535,0.1719883855932233,0.7955384265510614,0.34255778480171806,0.22176589981086522,0.5262468131809632,0.8006077548900159,0.37165275303400663,0.6336697348479834,0.9633451163366813,1.3418059206088395,0.6274005272158485,0.7580890427575898,1.4976947782944314,0.16874623853211007,1.0715569207409725,0.6124235375122662,0.5696217873042332,2.0954238486244576,0.41370182465104677,2.6439488568855167,0.7741783758217567,0.16874623853211007,4.684837499739588,0.7155439770634562,3.564354428521753,1.2773019628015556,0.17391398513875764,1.1114125658742002,0.16874623853211007,0.29465931832989445,0.16874623853211007,0.5171141235829674,0.7140053930816295,0.46559351020782874,277.00297001379863,0.35218394026605254,0.4626841066268014,0.9858096192000239,1.6729198171049158,0.2433995615792033,0.16874623853211007,0.16874623853211007,1.2737596883326205,1.930455310398479,2.471419026410246,0.20893519720958806,0.24851127838298442,0.37698485217502353,0.16874623853211007
1,B,1.0,1.0,1.0,1.0,1.0,1.0,1.0,1.0,1.0,1.0,1.0,1.0,1.0,1.0,1.0,1.0,1.0,1.0,1.0,1.0,1.0,1.0,1.0,1.0,1.0,1.0,1.0,1.0,1.0,1.0,1.0,1.0,1.0,1.0,1.0,1.0,1.0,1.0,1.0,1.0,1.0,1.0,1.0,1.0,1.0,1.0,0.14462696924258409,0.1110597444984774,0.15040396493696478,0.1880450856119046,0.331855741718264,0.1295043030518856,0.9879694162211141,0.09807297058091347,0.1117483132568687,0.15149227608798768,1.1026947599514922,0.09807297058091347,0.31704472523632793,5.121297500976876,3.7957043185030117,5.355432003371401,3.708714711334302,0.09807297058091347,0.09807297058091347,0.22515147261014934,2.9891232391317435,1.732011285764211,0.544238665186284,1.7345646023632044,0.09807297058091347,1.6819669617719084,0.8375824714238737,1.489747863547748,0.2740911962222486,0.36589934641414334,1.6809616358195347,0.5455969288390249,0.09807297058091347,0.09807297058091347,0.7675563543676461,0.3492608828462124,1.0274454466423537,0.1474646191815446,0.8294113381278775,0.7540896590430648,0.09807297058091347,0.09807297058091347,0.09807297058091347,7.4165190518410355,0.09807297058091347,0.09807297058091347,8.12821854717903,1.427875737893906,0.09807297058091347,0.1487508054751862,0.09807297058091347,2.4177930888028927,0.09807297058091347,3.1794793032948707,3.928203710066431,0.09807297058091347,4.119652876613132,1.350359035949349,0.09807297058091347,0.09807297058091347,0.46287148280499674,0.09807297058091347,4.9123764156090335,3.8645490570451586,0.3770192702647547,0.09807297058091347,0.09807297058091347,0.4623683539302057,0.09807297058091347,0.09807297058091347,0.9677358883771245,15.894567945547358,0.09807297058091347,0.49185614630413244,0.47008473567327824,6.919771059997496,0.09807297058091347,0.7805655384619049,1.7091721361712384,0.9723792257275169,0.09807297058091347,0.09807297058091347,0.5308837772851973,0.09807297058091347,0.09807297058091347,1.1150525865886927,0.09807297058091347,0.9499574364608298,0.800656951242405,0.09807297058091347,0.09807297058091347,0.09807297058091347,0.37267962925982473,0.09807297058091347,0.6019322278070321,1.2109532847629119,0.6787635007636496,0.09807297058091347,1.077841807452194,0.8966890075293623,0.41514201242288007,0.3543465344245493,4.877640539197187,0.09807297058091347,0.16532663193388772,0.09807297058091347,1.5490897670807777,0.09807297058091347,1.7359902592527903,2.2211633780841544,0.31751112347490695,0.09807297058091347,1.1800141105167148,0.09807297058091347,0.6041623715904783,1.5613969852776222,0.7561313749557922,0.09807297058091347,0.273731337134166,1.316357648242677,0.09807297058091347,0.09807297058091347,0.09807297058091347,1.1103902914880301,1.1434757974798704,0.09807297058091347,2.515952366458213,3.9590989358829303,0.5932087963056658,0.5680170815150648,1.373281185308425,0.09807297058091347,0.43259707392792834,1.2536626707314469,0.9192467189669886,5.646839603997797,10.794278631099294,15.16581867518093,5.620675625339572,4.507369191773533,3.9804962832334776,1214.1038394890625,0.09807297058091347,0.09807297058091347,1.0084549196189359,0.12494583152145373,0.28263013530831727,0.43163597618909283,0.3484004610532578,0.6519222418155995,0.36049600026106543,0.09807297058091347,0.09807297058091347,3.021019854421656,0.09807297058091347,4.02433131244858,0.09807297058091347,0.19272170669374866,3.1982560856602467,0.17388666668890598,0.09807297058091347,0.411632701390137,0.09807297058091347,14.237839402828675,3.4486161205914296,4.35419107712361,0.09807297058091347,0.2998809467014633,18.36884698481991,2.2288760076281546,2.005534918096632,0.7306809298748471,0.33225943241304895,1.2711175382614843,0.9709250043337767,2.0643162760416116,17.07215758944882,0.266783928616637,0.09807297058091347
2,C,1.0,1.0,1.0,1.0,1.0,1.0,1.0,1.0,1.0,1.0,1.0,1.0,1.0,1.0,1.0,1.0,1.0,1.0,1.0,1.0,1.0,1.0,1.0,1.0,1.0,1.0,1.0,1.0,1.0,1.0,1.0,1.0,1.0,1.0,1.0,1.0,1.0,1.0,1.0,1.0,1.0,1.0,1.0,1.0,1.0,1.0,2.236239023529229,0.3896986920289855,5.369291981200521,5.7568171457631365,0.6108462775755149,2.6904111404318716,0.7430000348439376,0.5701150134323693,0.8137302894859645,2.1825328432476474,0.3896986920289855,8.42608089361682,0.6796721940493601,0.3896986920289855,284.1100626938167,9.060356396967018,5.709179835513486,0.3896986920289855,0.466920300347748,6.289520836404359,0.3896986920289855,10.686186552255263,2.0270338775333014,1.1121137217190895,0.3896986920289855,8.624857983201922,7.271240592724558,361.7812728393364,5.746785143342593,0.3896986920289855,2.450588167000447,2.746924556663414,0.3896986920289855,0.3896986920289855,1.168622243459846,1.4324027388826446,1.070727290515362,0.7647312929683779,0.4899230944288385,9.861238634694141,1.0639827117827714,8.803838298091625,48.740362156847304,2.5328594582869144,1.8817008079657793,1.120098793005566,0.3896986920289855,0.3896986920289855,1.060664369346052,0.641129888015886,3.148608470507241,1.4213564566863632,0.3896986920289855,3.7622633715256577,9.804140232637806,0.3896986920289855,0.9718849452241507,35.606554045431075,1.5188360097588807,0.3896986920289855,1.7159081802640663,0.6586310306083991,2.7750510826266273,8.783207611996959,2.1996005594546477,0.3896986920289855,0.6705252834732709,1.195267154267746,2.2835364871963733,0.3896986920289855,1.322388455093691,4.568196842247963,0.3896986920289855,0.6520162194180532,0.3896986920289855,0.3896986920289855,0.3896986920289855,11.941395579099563,0.3896986920289855,0.3896986920289855,10.485656879835682,0.3896986920289855,0.3896986920289855,0.3896986920289855,0.3896986920289855,5.445591589846458,0.3896986920289855,0.7815122111029338,2.909155311745875,0.3896986920289855,0.3896986920289855,0.3896986920289855,0.7142195136814096,1.044453891406067,34.1177368632888,34.72316497980476,3.6105261749110324,0.6035640584138895,4.639746011001656,4.5213229773891666,2.700638846172968,3.2273893736823878,4.995872022090908,5.474593701231728,3.5017401914571873,0.3896986920289855,4.105863406576712,2.0323845724328464,6.071923239553374,5.630424775819874,1.201084267535517,1.1156077967201545,0.5127475395718618,0.3896986920289855,1.1766749072710447,22.107225831192128,1.2365064485980064,0.5622420241421606,1.6530539610077202,2.9473366449767346,0.5756164583766574,2.7415841442487277,2.71817535286733,7.399871447578055,4.473268245136766,1.6291412381926325,6.223186834291807,0.3896986920289855,0.9579456322885473,1.1049998120412392,0.7088889297415667,16.25919433961334,2.4727357299133983,6.430173845056351,11.267779782931902,32.20266659155653,13.89100466857057,17.732466258022747,1.4013774467309357,5.104212301611845,5.38196088086322,15.159145165317417,4.6072237296870675,0.6163465663375145,7.550290945573722,6.613379922473734,5.7100803097355275,1.933251714791064,0.9571466348419206,0.3896986920289855,0.485787590927421,0.6988571064896779,0.3896986920289855,1.182724866656833,67.74782989727993,1.4432607480598125,1.6709481851694992,3.145524811956988,1.229089503991021,1.247572151996179,0.3896986920289855,3.323059652393935,0.3896986920289855,6.907618067296178,4.446105870869526,5.276396767417639,0.3896986920289855,0.6316606369675293,12.259710076935505,1.101088488807065,0.3896986920289855,0.40183420065933456,0.3896986920289855,1.6877567271340854,3.9198998467798227,0.719680872775704,0.3896986920289855,14.665352191753696,0.9342106704990452
3,D1,1.0,1.0,1.0,1.0,1.0,1.0,1.0,1.0,1.0,1.0,1.0,1.0,1.0,1.0,1.0,1.0,1.0,1.0,1.0,1.0,1.0,1.0,1.0,1.0,1.0,1.0,1.0,1.0,1.0,1.0,1.0,1.0,1.0,1.0,1.0,1.0,1.0,1.0,1.0,1.0,1.0,1.0,1.0,1.0,1.0,1.0,0.6424020078084638,0.43584189225280945,0.402943076920813,1.8146884566032546,0.402943076920813,5.029233146161393,0.6315538635858631,5.210082396565898,1.0456199477279884,0.402943076920813,0.402943076920813,0.8536044508411256,0.402943076920813,1.9799181664956793,7.367636655434949,9.920936245064473,0.402943076920813,0.6819200361256161,1.2087722853762315,0.402943076920813,0.402943076920813,0.42426215775319853,2.22623269759165,1.0245878523138627,0.402943076920813,2.0511273670462296,1.7005148008266564,2.9760312896856256,5.092367637082652,0.402943076920813,0.5000698791952376,0.5322300140621132,0.402943076920813,0.402943076920813,3.627364082228485,0.9236056286982173,0.7021297246854659,0.402943076920813,3.0505350388094024,0.402943076920813,0.402943076920813,0.7176337428019082,0.402943076920813,0.428347222975369,0.402943076920813,0.402943076920813,0.402943076920813,9.223452832549818,0.402943076920813,0.402943076920813,0.402943076920813,0.402943076920813,0.6732675887287938,0.402943076920813,3.613067753135061,0.409042279055686,0.402943076920813,4.023254103285655,1.8382849087126052,0.402943076920813,0.5891416831166619,0.7938179515421744,1.2294814057681858,0.402943076920813,1.2601617894964685,0.402943076920813,0.402943076920813,15.480649196285386,3.5546947690555184,0.402943076920813,0.8288097477525879,228.67958185199163,0.402943076920813,0.402943076920813,0.402943076920813,0.402943076920813,0.874006852076293,0.402943076920813,0.402943076920813,0.402943076920813,0.402943076920813,0.402943076920813,0.402943076920813,0.402943076920813,0.402943076920813,0.402943076920813,0.402943076920813,0.402943076920813,0.402943076920813,0.402943076920813,0.402943076920813,0.402943076920813,1.1569465382673043,0.402943076920813,0.402943076920813,0.402943076920813,1.6692959044715392,3.2547978244975555,16.077163762654347,5.417321899647451,6.784214961714618,6.154972471177915,6.429906315097748,5.964134155883871,10.629857283509361,0.402943076920813,4.788870612750002,0.8174824625124483,1.039276795431352,3.4260563247295632,0.402943076920813,0.402943076920813,0.5215170858564848,0.402943076920813,1.1735287769191662,11.862582480857142,0.4134730885992654,0.402943076920813,7.152496717867561,0.42800490728379165,0.402943076920813,1.599366194629413,0.43974060813432764,2.21089562758379,1.6340973213683754,0.402943076920813,1.9998924722497091,1.0971923882489887,3.030342865891011,2.698793784816357,0.402943076920813,0.402943076920813,0.7479585892405538,0.402943076920813,3.4078168782836293,3.7425188651979218,2.8632247095185943,0.5572956707311505,0.402943076920813,0.402943076920813,0.402943076920813,3.202084634387673,0.402943076920813,1.0418839979535615,1.5746612434716494,3.5176154893369023,6.270858137040145,0.47631652235959765,2.6440745509417787,0.402943076920813,1.009376000491107,0.402943076920813,0.402943076920813,0.402943076920813,0.402943076920813,1.619882868482567,1.210815283790838,0.44480124184427106,0.402943076920813,0.402943076920813,0.402943076920813,1.3658885339837439,0.402943076920813,0.402943076920813,0.4598581676785897,2.461732112963727,0.402943076920813,0.402943076920813,0.402943076920813,0.406427859548097,0.402943076920813,0.915535016111888,0.402943076920813,0.8860095525108914,0.402943076920813,0.402943076920813,3.050620649981606,0.402943076920813,0.402943076920813
4,D2,1.0,1.0,1.0,1.0,1.0,1.0,1.0,1.0,1.0,1.0,1.0,1.0,1.0,1.0,1.0,1.0,1.0,1.0,1.0,1.0,1.0,1.0,1.0,1.0,1.0,1.0,1.0,1.0,1.0,1.0,1.0,1.0,1.0,1.0,1.0,1.0,1.0,1.0,1.0,1.0,1.0,1.0,1.0,1.0,1.0,1.0,1.9780142694629272,0.3152743104855598,10.558759710785939,2.4268581669863702,0.11206301350308642,2.6933621114209556,5.572708271494811,0.66744279180409,1.2543048630730387,1.0382604301076679,0.11206301350308642,0.8053962558774564,1.97256515831934,0.11206301350308642,4.148256416142668,2.094575042797947,4.71837179679448,3.484802229776095,0.11206301350308642,4.711458976641982,0.11206301350308642,133.08992403484223,1.2583173526621392,968.5347632627429,14.734666563762413,0.4987190603776328,1.5401601663047693,619.177587404115,1.8629806873351504,0.9450385687670696,3.0658833219978594,4.275144499854327,6.319719078152343,3.789486900891014,0.9738551251967713,4.445494997220991,8.628604096808619,0.11206301350308642,2.2453997205513887,5.106534675343505,43.85720898620582,5.402563092581015,4.825454550162656,8.763778348941303,0.11206301350308642,4.548606466999167,4.80147719548379,0.11206301350308642,4.213015709042993,0.11206301350308642,3.790013684539187,600.6872229810418,1329.0757921877846,0.11206301350308642,0.7931175644154407,0.23585439163068295,1.6899591772179905,7.954452673216663,4.249857070245035,15.806247737989148,64.53750540191334,1.26016630665542,0.11206301350308642,0.11206301350308642,8.71349341753797,0.11206301350308642,0.11206301350308642,1.897056565050887,4.731924459128748,0.11206301350308642,2.651662127415403,0.11206301350308642,0.11206301350308642,0.11206301350308642,2.9185582336122216,0.11206301350308642,9.06232431607152,0.11206301350308642,0.11206301350308642,0.11206301350308642,0.11206301350308642,0.11206301350308642,0.11206301350308642,0.7103535992127725,0.11206301350308642,3.5302830747994265,10.552608875695464,1.9038424000213918,0.9937303908852053,0.11206301350308642,2.877268966111548,2.5214091832732084,0.44813993170675265,0.11206301350308642,5.815135528514217,5.618445920530402,37.52023642587953,143.54002894749928,6.17693076768711,17.335574014981514,14.440584981105662,7.718780640485897,3.5432424585895967,5.653848290309573,4.172121256171892,0.11206301350308642,6.400612171954404,1.7516798840549335,0.11206301350308642,1.1970799941319685,2.656011312398615,2.831086187241253,3.3019146291734374,0.5815068457085729,18.29811091214719,438.29587198727023,5.434508847649478,3.1832764362720254,10.651239394902479,3.61790170959916,0.516697337863713,1.2090477760090426,3.8357935675175607,0.8963992472699482,1.0420052129348658,0.845474580575663,0.5235274125910958,0.7747345704878594,0.11206301350308642,1.8376204162568754,3.8126648170554853,0.11206301350308642,0.11206301350308642,0.4341869893051294,0.11206301350308642,3.6117590798000982,0.7387014964571883,0.11206301350308642,0.11206301350308642,0.11206301350308642,0.7424059382703028,3.7034764120832757,0.11206301350308642,0.8139528776420245,6.563230439065443,5.9794916206713875,1.4560015412278322,3.6930401772855843,13.761700373621025,8.69859146280326,24.005058820287893,0.11206301350308642,2.26074180112221,4.108671571650975,19.74171640999131,81.32170694053426,13.569930397501478,4.156234689162207,4.791199455888047,0.11206301350308642,0.11206301350308642,1.0296710715795157,0.11206301350308642,672.7104241457741,0.18863622250308254,0.11206301350308642,10.410464370045096,53.36649857896924,0.11206301350308642,0.11206301350308642,0.11206301350308642,1.875667758253946,1.0237773421460519,0.11206301350308642,0.11206301350308642,0.2353503712894585,0.11206301350308642,1.668746330870891,0.40186019440215603
5,E12,1.0,1.0,1.0,1.0,1.0,1.0,1.0,1.0,1.0,1.0,1.0,1.0,1.0,1.0,1.0,1.0,1.0,1.0,1.0,1.0,1.0,1.0,1.0,1.0,1.0,1.0,1.0,1.0,1.0,1.0,1.0,1.0,1.0,1.0,1.0,1.0,1.0,1.0,1.0,1.0,1.0,1.0,1.0,1.0,1.0,1.0,10.991947147246616,1.5143180933587095,3.8905009533934147,1.8139306722437003,29.850693173049518,35.40248806968523,4.36113929017647,5.40684089524484,8.083046744584992,5.989832424546904,9.255489514949314,4.374718218306277,9.999066869705322,62.37872106823664,18.744281342851565,19.62231958693593,3.2284530799442965,3.2136144418058907,0.7098648159420109,1.3278229613960344,0.6593451463827202,1.9063683145973604,1.7411607276424597,2.835777714383681,21.23599635690177,1.3479079350743375,2.7322507703730676,20.65073307090223,3.1486843640157365,4.687979279603222,6.732258975236155,3.46358257282533,20.084086254725186,3.6938940132244897,25.071803956790287,4.1851163019532835,9.344072090716192,0.6593451463827202,5.748635029108664,4.601968230637765,10.110630043341203,2.845016560151321,2.4186979515876423,4.004944678090145,0.6593451463827202,0.6593451463827202,0.6593451463827202,0.6593451463827202,8.407885559691444,7.173083028411697,2.3173411713201535,15.920217675653053,4.993378072226713,91.72192377341305,5.7990386181581615,3.0832578061897844,9.163019941640936,2.2117088341488556,1.0119791548380566,5.464503769478931,6.632975949815098,4.631170088187337,18.4178521688844,4.429065747189289,3511.178289370627,0.6593451463827202,0.6593451463827202,11.340802860182338,119.1630475823849,0.6593451463827202,0.6593451463827202,1.9498907231788487,0.6593451463827202,0.6593451463827202,3.8864858151749897,0.6593451463827202,3.1357599374165916,0.6593451463827202,0.6593451463827202,0.6593451463827202,0.6593451463827202,0.6593451463827202,1.8754364175377018,0.6593451463827202,0.6593451463827202,0.6593451463827202,3.978349019178235,0.6593451463827202,0.6593451463827202,0.6593451463827202,0.6593451463827202,3.424701934530753,2.6849016297282664,0.6593451463827202,7.370342928834997,213.57368930434788,152.0503991129545,4.549224562609988,6.061296238916799,2.5181682608451146,8.277733044042504,6.38483567231522,4.429457584876897,3.964504156751903,5.640690813130315,5.254136741686821,3.509401639219887,0.6593451463827202,2.21241383123049,8.921114598674963,412.78929867616904,2.6125314455811006,18.655352344927504,0.6593451463827202,14.204741128072694,56.19529534205587,2.794490864873205,2.71395788124436,1.1821208563996408,1.8804919382902048,1.2499022850806243,1.8887436250641143,1.4370922776914774,2.095102636632956,1.7390032396144,0.6593451463827202,4.983060476985895,0.6593451463827202,9.795435194582963,0.6593451463827202,2.67828397295087,0.6593451463827202,2.2952986741093997,1.153471792258174,4.2136194128743325,1.6126912772705047,1.4574298047731447,4.755034626797445,5.531903263061583,0.6593451463827202,10.372478403486285,1.1268022438845726,0.6593451463827202,0.6593451463827202,5.736362435234875,5.39510344185869,2.535464645804355,1.6094120219602124,6.915118667440635,0.835249421940931,2.243566962516074,0.6593451463827202,5.209016878719125,0.6593451463827202,0.6593451463827202,1.0529747572391017,1.486715974743572,0.6593451463827202,11.281713806358566,0.6593451463827202,0.6593451463827202,1.2358215655751432,0.6593451463827202,8.689297006138366,17.255138656193957,1.465129859390248,1.0351621280894334,14.403810614403369,0.9461343954613066,6.218461673515655,0.6593451463827202,0.6593451463827202,197.35966927762303,2.49497438987937,0.6593451463827202,1.6536267725605172,5.443572611127995,3.134653894727487,0.6593451463827202
6,E3,1.0,1.0,1.0,1.0,1.0,1.0,1.0,1.0,1.0,1.0,1.0,1.0,1.0,1.0,1.0,1.0,1.0,1.0,1.0,1.0,1.0,1.0,1.0,1.0,1.0,1.0,1.0,1.0,1.0,1.0,1.0,1.0,1.0,1.0,1.0,1.0,1.0,1.0,1.0,1.0,1.0,1.0,1.0,1.0,1.0,1.0,1.6058380952380953,1.928954845594141,2.163076792769361,1.9582912806447723,2.221994590627488,1.6058380952380953,2.297719872400765,1.6058380952380953,1.7637664640349493,1.8038810480010685,1.6058380952380953,1.6058380952380953,1.6058380952380953,1.6058380952380953,1.7175848664777496,2.099236445683266,1.6285446934350833,1.6058380952380953,1.6058380952380953,1.6058380952380953,1.6058380952380953,2.8889393553810834,1.678972537885603,1.6479363972161025,2.331511576587477,1.6571501663357662,2.895572677396495,1.6200130054397341,1.956125336327635,1.725472294461978,1.6058380952380953,1.6058380952380953,1.6058380952380953,1.6058380952380953,1.6058380952380953,1.6058380952380953,1.618349073586206,1.6058380952380953,2.3436299665072156,1.6058380952380953,1.6058380952380953,1.7216876926389801,1.6058380952380953,1.6743215102727496,1.6058380952380953,1.6058380952380953,1.6058380952380953,1.6058380952380953,1.6058380952380953,1.6058380952380953,1.6073369059076803,1.6058380952380953,1.6058380952380953,1.6058380952380953,1.6058380952380953,1.6058380952380953,1.6058380952380953,1.7206749674506265,1.611508844078369,2.0030575664468477,1.7034911018936676,1.6058380952380953,1.6058380952380953,1.6058380952380953,1.6058380952380953,1.6058380952380953,1.6058380952380953,1.6058380952380953,1.6058380952380953,1.6058380952380953,1.627609251019829,1.6058380952380953,1.6058380952380953,1.6058380952380953,1.9672967859718054,1.6058380952380953,1.6058380952380953,1.6058380952380953,1.6058380952380953,1.6058380952380953,1.6058380952380953,1.6058380952380953,1.6058380952380953,1.6058380952380953,1.6058380952380953,1.7336095620090586,1.6288893521686922,1.8502880443583958,1.6058380952380953,1.6058380952380953,1.6058380952380953,1.6058380952380953,1.6058380952380953,1.6058380952380953,1.6058380952380953,1.6058380952380953,1.6058380952380953,1.6058380952380953,1.9793478137870233,1.6058380952380953,1.6058380952380953,1.6376765254501717,1.6058380952380953,11.884463384115529,1.6058380952380953,1.6058380952380953,1.6058380952380953,1.6058380952380953,1.6058380952380953,1.8048632426783133,1.6296062001538163,1.6058380952380953,1.6058380952380953,1.6058380952380953,1.655672598722576,2.0793702382056063,1.6430687314202024,1.6058380952380953,2.143846377043846,1.6953785754144723,1.6058380952380953,1.6058380952380953,1.6058380952380953,1.6576091370397068,1.6058380952380953,1.6058380952380953,1.6058380952380953,1.6058380952380953,1.6058380952380953,1.6058380952380953,1.6058380952380953,1.6058380952380953,1.6058380952380953,1.6058380952380953,1.6058380952380953,1.6058380952380953,1.7483157186241127,1.6058380952380953,1.6058380952380953,1.6058380952380953,1.6058380952380953,1.6058380952380953,1.6058380952380953,1.6058380952380953,1.6058380952380953,2.6018930797965423,1.6058380952380953,1.6058380952380953,2.4932414778984575,1.6058380952380953,1.6058380952380953,1.6058380952380953,1.6058380952380953,1.6058380952380953,1.6058380952380953,1.6058380952380953,1.6058380952380953,1.6058380952380953,1.6058380952380953,1.6058380952380953,1.6058380952380953,1.7504089062689419,1.6058380952380953,2.069176752824894,2.116331224066676,1.7547337489096588,1.6058380952380953,1.9278523446304487,1.6058380952380953,1.6058380952380953,1.6058380952380953,1.6058380952380953,1.6058380952380953,1.6426953091710863,1.6058380952380953,1.6058380952380953,1.8036210235724113,1.6058380952380953,1.6058380952380953
7,F1,1.0,1.0,1.0,1.0,1.0,1.0,1.0,1.0,1.0,1.0,1.0,1.0,1.0,1.0,1.0,1.0,1.0,1.0,1.0,1.0,1.0,1.0,1.0,1.0,1.0,1.0,1.0,1.0,1.0,1.0,1.0,1.0,1.0,1.0,1.0,1.0,1.0,1.0,1.0,1.0,1.0,1.0,1.0,1.0,1.0,1.0,1.970766304347826,1.970766304347826,1.970766304347826,1.970766304347826,9.952706453028178,1.970766304347826,1.970766304347826,1.970766304347826,1.970766304347826,1.970766304347826,1.970766304347826,1.970766304347826,1.970766304347826,1.970766304347826,1.970766304347826,5.385513435491039,1.970766304347826,1.970766304347826,1.970766304347826,2.240763199118264,1.970766304347826,1.970766304347826,1.970766304347826,1.970766304347826,1.970766304347826,1.970766304347826,10.46099468042106,4.659363668811315,1.9943489729729782,1.970766304347826,1.970766304347826,1.970766304347826,1.970766304347826,1.970766304347826,1.970766304347826,1.970766304347826,1.970766304347826,1.970766304347826,1.970766304347826,1.970766304347826,1.970766304347826,1.970766304347826,1.970766304347826,1.9765093232584836,1.970766304347826,2.0478699513033343,1.970766304347826,2.5637754151196446,2.203524440727524,2.151015575336737,2.1074316134347777,1.970766304347826,10.165827301283478,2.2083102844844618,1.970766304347826,1.970766304347826,1.970766304347826,2.0966468971186147,1.974348009394074,1.970766304347826,1.970766304347826,1.970766304347826,7.074019659690476,1.970766304347826,1.970766304347826,1.970766304347826,1.970766304347826,11.463744872062207,1.970766304347826,1.970766304347826,1.970766304347826,1.970766304347826,1.970766304347826,1.970766304347826,1.970766304347826,1.970766304347826,1.970766304347826,1.970766304347826,1.970766304347826,1.970766304347826,1.970766304347826,1.970766304347826,1.970766304347826,1.970766304347826,1.970766304347826,1.970766304347826,1.970766304347826,1.970766304347826,1.970766304347826,1.970766304347826,1.970766304347826,1.970766304347826,1.970766304347826,1.970766304347826,3.603623176236878,1.970766304347826,1.970766304347826,7.798066215391944,1.970766304347826,2.621538683683901,1.970766304347826,1.970766304347826,1.970766304347826,1.970766304347826,1.970766304347826,1.970766304347826,1.970766304347826,2.9911524017038618,1.970766304347826,5.849766943673376,2.3435153335656436,1.970766304347826,2.335011749715641,1.970766304347826,1.970766304347826,1.970766304347826,1.970766304347826,1.970766304347826,1.970766304347826,1.9821373787740428,13.254332851979843,2.3751824300864945,1.970766304347826,2.0250780676003637,1.970766304347826,1.970766304347826,1.970766304347826,1.970766304347826,1.970766304347826,1.970766304347826,1.970766304347826,1.970766304347826,1.970766304347826,1.970766304347826,1.970766304347826,1.970766304347826,1.970766304347826,1.970766304347826,1.970766304347826,1.970766304347826,1.970766304347826,1.970766304347826,1.970766304347826,1.970766304347826,2.0433758678882286,1.970766304347826,1.970766304347826,1.970766304347826,3.31149748203469,1.970766304347826,1.970766304347826,1.970766304347826,1.970766304347826,1.970766304347826,1.970766304347826,1.970766304347826,1.970766304347826,1.970766304347826,2.1339331094719878,1.970766304347826,1.970766304347826,1.970766304347826,1.970766304347826,1.970766304347826,1.970766304347826,3.891841762715103,21.63891269699339,1.970766304347826,1.970766304347826,1.970766304347826,1.970766304347826,1.970766304347826,2.419755844412699,10.165827301283478,1.970766304347826,1.970766304347826,1.970766304347826,3.722558574879226,1.970766304347826
8,F2,1.0,1.0,1.0,1.0,1.0,1.0,1.0,1.0,1.0,1.0,1.0,1.0,1.0,1.0,1.0,1.0,1.0,1.0,1.0,1.0,1.0,1.0,1.0,1.0,1.0,1.0,1.0,1.0,1.0,1.0,1.0,1.0,1.0,1.0,1.0,1.0,1.0,1.0,1.0,1.0,1.0,1.0,1.0,1.0,1.0,1.0,0.5503163253012048,0.5503163253012048,0.5503163253012048,0.5511578191988594,0.5503163253012048,0.9217193132297947,0.5503163253012048,0.5503163253012048,0.6521947275897872,0.5503163253012048,0.5503163253012048,0.5503163253012048,0.5503163253012048,0.9532585412591188,0.756911906476929,13.493748242603244,0.5503163253012048,0.5503163253012048,0.5503163253012048,0.5671264033100389,0.5503163253012048,0.5527971630569767,0.5503163253012048,0.5507319260250267,1.897578266915548,2.4200802443840863,0.5862649832291712,0.8362892470262586,0.6098393965790522,0.8217202078881836,0.5653347361171807,0.5615197007379396,0.5503163253012048,0.5503163253012048,0.6498214355913542,0.5549562702991299,0.7505871079886113,0.5947474553841455,0.5571930145135369,0.9691745155261687,0.9729679312425861,1.5381487732012082,0.5506858628593797,1.3779225751768571,0.5503163253012048,0.5856986105392206,0.5503163253012048,0.693201901344336,0.5950570466245453,0.5994713156478091,0.573677781260529,0.5503163253012048,0.6262176217405167,0.5672935152166906,0.6398917245013714,0.5666045484958115,0.5503163253012048,0.5503163253012048,0.6304803455103116,0.5503163253012048,0.5597068587230372,0.5503163253012048,0.6641582078363635,0.5503163253012048,4.300211277556457,0.6787389206826737,2.1086184805432984,0.5503163253012048,0.5503163253012048,0.5503163253012048,0.9634628094820814,0.5503163253012048,0.5503163253012048,1.2385994728699175,0.7882769763612695,1.0898674159707282,1.5679809322094584,2.0055990986904075,0.7155379452629647,0.5503163253012048,0.5503163253012048,0.5503163253012048,0.5503163253012048,0.5503163253012048,0.5503163253012048,0.6479551558283905,0.5503163253012048,0.5503163253012048,0.5503163253012048,0.5503163253012048,0.6808701527291184,0.5503163253012048,0.5503163253012048,0.5503163253012048,1.0120564785178203,0.9176745895936327,0.8765239945228422,0.5503163253012048,0.6758518845812276,0.9420283128885684,0.5503163253012048,1.1266598146043325,0.5821542768942609,0.9036105942141799,0.5503163253012048,0.5503163253012048,0.59399225560295,0.5503163253012048,0.7208250791227494,39.92971621865731,0.7369010144000161,0.5503163253012048,0.7937948748498224,0.5503163253012048,0.5520961348999147,0.8718554622107978,0.5503163253012048,0.5503163253012048,0.5503163253012048,0.5503163253012048,0.5503163253012048,1.401509267516619,0.5503163253012048,0.5503163253012048,0.6733020525672551,0.5503163253012048,0.5503163253012048,0.5565017131616988,2.774730242675127,0.5503163253012048,0.5503163253012048,0.5503163253012048,0.7351624042803816,0.7624131422570203,1.4849115264417525,0.8059239548035965,0.5503163253012048,12.309030767655075,0.6034256918906009,0.5503163253012048,0.7399122116036493,0.5503163253012048,0.5503163253012048,0.5503163253012048,0.5503163253012048,0.5621793399954079,0.5503163253012048,7.770675390346539,0.6448561285003271,0.6013023276414159,1.0588675138429047,0.5503163253012048,0.6992645786246795,0.6756379693483242,0.7954147298512728,0.5503163253012048,0.5503163253012048,0.6447085235029973,0.5503163253012048,0.5503163253012048,0.5503163253012048,0.5503163253012048,0.5503163253012048,0.7469752605754811,3.0189606550437276,0.5503163253012048,0.5503163253012048,0.5503163253012048,0.7440228069257777,0.5503163253012048,56.303136101956824,0.5503163253012048,0.5503163253012048,1.0416458813764158,0.8842921874267637,0.5710282798605386,0.843651202299242,1.5241389905614477,0.5503163253012048
9,F3,1.0,1.0,1.0,1.0,1.0,1.0,1.0,1.0,1.0,1.0,1.0,1.0,1.0,1.0,1.0,1.0,1.0,1.0,1.0,1.0,1.0,1.0,1.0,1.0,1.0,1.0,1.0,1.0,1.0,1.0,1.0,1.0,1.0,1.0,1.0,1.0,1.0,1.0,1.0,1.0,1.0,1.0,1.0,1.0,1.0,1.0,0.5793535820895522,0.5793535820895522,0.5793535820895522,0.8255641538848885,0.605923074842818,1.0576848499638787,0.5793535820895522,0.5793535820895522,0.5793535820895522,0.8079177291018853,0.5793535820895522,0.5793535820895522,0.5793535820895522,0.6315876038910181,0.7432025010383363,7.645637322719914,0.5793535820895522,0.5793535820895522,0.5793535820895522,0.770010080926274,0.5793535820895522,0.8203049600895052,0.5793535820895522,0.5950688179816113,0.5793535820895522,1.328424720520909,0.5793535820895522,1.2283512651769022,0.5793535820895522,0.5793535820895522,0.8678696978762777,0.9227009241654924,0.5793535820895522,9.72444508028187,1.7888849842470251,0.5793535820895522,1.1557754598112355,0.5793535820895522,1.222778121893978,1.1384091233792943,1.8421299910144502,0.9418116475046215,0.6383140923888665,0.6745372730924315,0.5793535820895522,0.5793535820895522,0.5793535820895522,0.5793535820895522,3.6024701439813764,0.5793535820895522,1.0137150308806637,0.5793535820895522,0.8214396640739272,0.5793535820895522,0.6689734718861785,0.6426720722377165,0.5793535820895522,0.6758264023063435,0.5793535820895522,0.5793535820895522,0.7174074780370264,8.053130257160413,0.5793535820895522,0.5793535820895522,0.5793535820895522,3.3795423166771563,4.891307892242746,1.741394103504137,0.5793535820895522,0.5793535820895522,1.9935596055685685,4.018936669833451,0.5793535820895522,0.5793535820895522,0.6659058788950548,2.865108725375346,0.5793535820895522,2.0831112461968555,0.5793535820895522,0.5793535820895522,0.5793535820895522,0.5793535820895522,0.5793535820895522,0.5793535820895522,0.5793535820895522,0.5793535820895522,0.9511268570283663,0.5793535820895522,0.5793535820895522,0.5793535820895522,0.5793535820895522,0.5793535820895522,4.6337105773786975,0.8212523893856251,2.832200457335212,2.5318460905985494,3.0035060446363904,1.3038354352394772,1.1496131712226119,0.5793535820895522,0.7239177653175303,0.8972169177895976,1.228892119676891,0.5793535820895522,0.7534975363527143,0.5793535820895522,0.6496575085406742,0.5793535820895522,0.5793535820895522,2.0670575744798474,0.5796673764987879,0.760063108038147,3.1413814403047082,0.5793535820895522,0.8004531967738242,10.993986610993572,1.3546083245068117,1.3546722262702606,0.5793535820895522,0.8731589127027592,0.5793535820895522,0.5793535820895522,1.068182885045362,2.0275103817294338,0.91608254094993,0.5838360225550152,2.2527930999483727,0.5793535820895522,0.5915241173858203,0.5793535820895522,0.5793535820895522,0.5793535820895522,0.5793535820895522,0.6737681550446554,0.8592469682683996,1.119417217514149,0.7000160985097619,5.263843193523775,0.8187886463736594,0.5793535820895522,0.8225939812401072,0.5793535820895522,0.5793535820895522,0.5793535820895522,0.8670141226519649,0.8813415262453886,0.7356719670013082,1.4021800730035499,1.3631972293270496,0.8782671319458849,14.904774024597229,0.5793535820895522,2.744733158991994,6.296906929475917,2.510871431037697,1.4045868575053566,0.5793535820895522,2.567317819683125,3.89658396497404,0.5793535820895522,0.5793535820895522,0.6484476414788357,0.5793535820895522,1.9381981953286298,0.5793535820895522,0.6973802248837088,0.5793535820895522,0.5793535820895522,0.5793535820895522,0.7473371987660892,2.036083716638751,0.5793535820895522,0.5793535820895522,0.9258281446410294,0.8261135123843086,1.2538669203518258,0.5793535820895522,0.8925177833473705,0.5793535820895522
10,NTD,10.0,10.0,10.0,10.0,10.0,10.0,10.0,10.0,10.0,10.0,10.0,10.0,10.0,10.0,10.0,10.0,10.0,10.0,10.0,10.0,10.0,10.0,10.0,10.0,10.0,10.0,10.0,10.0,10.0,10.0,10.0,10.0,10.0,10.0,10.0,10.0,10.0,10.0,10.0,10.0,10.0,10.0,10.0,10.0,10.0,10.0,1.0,1.0,1.0,1.0,1.0,1.0,1.0,1.0,1.0,1.0,1.0,1.0,1.0,1.0,1.0,1.0,1.0,1.0,1.0,1.0,1.0,1.0,1.0,1.0,1.0,1.0,1.0,1.0,1.0,1.0,1.0,1.0,1.0,1.0,1.0,1.0,1.0,1.0,1.0,1.0,1.0,1.0,1.0,1.0,1.0,1.0,1.0,1.0,1.0,1.0,1.0,1.0,1.0,1.0,1.0,1.0,1.0,1.0,1.0,1.0,1.0,1.0,1.0,1.0,1.0,1.0,1.0,1.0,1.0,1.0,1.0,1.0,1.0,1.0,1.0,1.0,1.0,1.0,1.0,1.0,1.0,1.0,1.0,1.0,1.0,1.0,1.0,1.0,1.0,1.0,1.0,1.0,1.0,1.0,1.0,1.0,1.0,1.0,1.0,1.0,1.0,1.0,1.0,1.0,1.0,1.0,1.0,1.0,1.0,1.0,1.0,1.0,1.0,1.0,1.0,1.0,1.0,1.0,1.0,1.0,1.0,1.0,1.0,1.0,1.0,1.0,1.0,1.0,1.0,1.0,1.0,1.0,1.0,1.0,1.0,1.0,1.0,1.0,1.0,1.0,1.0,1.0,1.0,1.0,1.0,1.0,1.0,1.0,1.0,1.0,1.0,1.0,1.0,1.0,1.0,1.0,1.0,1.0,1.0,1.0,1.0,1.0,1.0,1.0,1.0,1.0,1.0,1.0,1.0,1.0,1.0,1.0,1.0,1.0,1.0,1.0,1.0,1.0,1.0
