lineage,RBD_NTD_mutations
A,
A.1,
A.11,
A.12,
A.2,
A.2.2,
A.2.3,
A.2.4,
A.2.5,L452R
A.2.5.1,S151X/W152X/M153X/E154X/S155X/E156X/F157X/R158X/L452R
A.2.5.2,S151X/W152X/M153X/E154X/S155X/E156X/F157X/R158X/L452R
A.21,L452R
A.23.1,F157L/V367F
A.25,
A.26,
A.27,L18F/L452R/N501Y
A.28,N501T
A.29,S151X/W152X/M153X/E154X/S155X/E156X/F157X/R158X/Y449H/N501Y
A.5,
AA.1,
AA.2,
AA.3,
AA.4,
AA.5,
AA.6,
AA.7,
AA.8,
AC.1,
AD.2,
AE.1,
AE.5,
AH.3,A352S
AK.1,
AM.1,
AM.2,
AM.3,
AN.1,
AP.1,N501Y
AS.1,
AS.2,A522S
AT.1,S151X/W152X/M153X/E154X/S155X/E156X/F157X/R158X/H245P/E484K
AV.1,G142D/N439K/E484K
AY.1,T19R/W258L/K417N/L452R/T478K
AY.10,T19R/L452R/T478K
AY.100,T19R/L452R/T478K
AY.101,T19R/L452R/T478K
AY.102,T19R/L452R/T478K
AY.103,T19R/L452R/T478K
AY.103.1,T19R/G142D/E156X/F157X/R158X/L452R/T478K
AY.104,T19R/L452R/T478K
AY.105,T19R/F140X/L141X/G142X/V143X/L452R/T478K
AY.106,T19R/S255F/L452R/T478K
AY.107,T19R/L452R/T478K
AY.108,T19R/L452R/T478K
AY.109,T19R/G142D/L452R/T478K
AY.11,T19R/L452R/T478K
AY.110,T19R/L452R/T478K
AY.111,T19R/G142D/L452R/T478K
AY.112,T19R/L452R/T478K
AY.112.1,T19R/G142X/L452R/T478K
AY.112.2,T19R/G142D/L452R/T478K/E484Q
AY.113,T19R/L452R/T478K
AY.114,T19R/L452R/T478K
AY.116,T19R/L452R/T478K
AY.116.1,T19R/L452R/T478K
AY.117,T19R/L452R/T478K
AY.118,T19R/G142D/L452R/T478K
AY.119,T19R/L452R/T478K
AY.119.1,T19R/G142D/L452R/T478K
AY.119.2,T19R/L452R/T478K
AY.12,T19R/G142X/L452R/T478K
AY.120,T19R/L452R/T478K
AY.120.1,T19R/G142D/L452R/T478K
AY.120.2,F140X/L141X/G142X/V143X/L452R/T478K
AY.120.2.1,T19R/L452R/T478K
AY.121,T19R/G142D/L452R/T478K
AY.121.1,T19R/G142D/L452R/T478K
AY.122,T19R/L452R/T478K
AY.122.1,T19R/G142D/L452R/T478K
AY.122.2,T19R/G142D/A411S/L452R/T478K
AY.122.4,T19R/G142D/L452R/T478K
AY.122.6,T19R/G142D/L452R/T478K/E484A
AY.123,T19R/G142D/L452R/T478K
AY.123.1,T19R/G142D/L452R/T478K
AY.124,T19R/G142D/L452R/T478K
AY.124.1,T19R/L452R/T478K
AY.124.1.1,T19R/G142D/L452R/T478K
AY.125,T19R/L452R/T478K
AY.126,T19R/L452R/T478K
AY.127,T19R/G142D/L452R/T478K
AY.127.1,T19R/L452R/T478K
AY.128,T19R/G142D/L452R/T478K
AY.129,T19R/L452R/T478K
AY.13,T19R/L452R/T478K
AY.131,T19R/G446V/L452R/T478K
AY.132,T19R/L452R/T478K
AY.133,N17K/L18F/T19R/G142D/L452R/T478K/P499R
AY.134,T19R/L452R/T478K
AY.14,T19R/L452R/T478K
AY.16,T19R/L452R/T478K
AY.16.1,T19R/G142D/E156X/F157X/R158X/L452R/T478K
AY.17,T19R/F140X/L141X/G142X/V143X/T478K
AY.19,T19R/G142X/E156X/F157X/R158X/L452R/T478K
AY.20,T19R/L452R/T478K
AY.20.1,T19R/G142D/L452R/T478K
AY.22,T19R/L452R/T478K
AY.23,T19R/L452R/T478K
AY.23.1,T19R/L452R/T478K
AY.23.2,T19R/G142D/E156X/F157X/R158X/L452R/T478K/G502X/V503X
AY.24,T19R/L452R/T478K
AY.25,T19R/G142D/L452R/T478K
AY.25.1,T19R/G142D/L452R/T478K
AY.25.1.2,T19R/L452R/T478K
AY.25.2,L18F/T19R/G142D/L452R/T478K
AY.25.3,T19R/L452R/T478K
AY.26,T19R/L452R/T478K
AY.27,T19R/L452R/T478K
AY.28,T19R/L452R/T478K
AY.29,T19R/L452R/T478K
AY.29.1,T19R/F140X/L141X/G142X/V143X/L452R/T478K
AY.3,T19R/G142D/L452R/T478K
AY.3.1,T19R/L452R/T478K
AY.3.3,T19R/G142D/Q414R/L452R/T478K
AY.30,T19R/L452R/T478K
AY.31,T19R/G142D/E156X/F157X/R158X/L452R/T478K
AY.32,T19R/G142D/L452R/T478K
AY.33,T19R/T250I/L452R/T478K
AY.33.1,T19R/F140X/L141X/G142X/V143X
AY.33.2,T19R/G142D/T250I/R346K/L452R/T478K
AY.34,T19R/G142D/L452R/T478K
AY.34.1,T19R/G142D/L452R/T478K
AY.34.2,T19R/G142D/L452R/T478K
AY.35,T19R/L452R/T478K
AY.36,T19R/L452R/T478K
AY.36.1,T19R/G142D/L452R/T478K
AY.37,T19R/L452R/T478K
AY.38,T19R/L452R/T478K
AY.39,T19R/F140X/L141X/G142X/V143X/L452R/T478K
AY.39.1,T19R/G142D/L452R/T478K
AY.39.1.2,T19R/L452R/T478K
AY.39.1.4,T19R/G142D/L452R/T478K
AY.39.2,T19R/G142D/L452R/T478K
AY.4,T19R/G142D/L452R/T478K
AY.4.1,T19R/G446V/L452R/T478K
AY.4.10,T19R/G142D/L452R/T478K
AY.4.11,T19R/G142D/L452R/T478K
AY.4.12,T19R/G142D/L452R/T478K
AY.4.13,T19R/L452R/T478K
AY.4.14,T19R/L452R/T478K
AY.4.15,T19R/G142D/L452R/T478K
AY.4.16,T19R/L452R/T478K
AY.4.17,T19R/L452R/T478K
AY.4.2,T19R/G142D/Y145H/L452R/T478K
AY.4.2.1,T19R/G142D/Y145H/L452R/T478K
AY.4.2.2,T19R/G142D/Y145H/L452R/T478K
AY.4.2.3,T19R/G142D/Y145H/L452R/T478K
AY.4.2.4,T19R/L452R/T478K
AY.4.2.5,T19R/G142D/Y145H/Q414K/L452R/T478K
AY.4.3,T19R/L452R/T478K
AY.4.4,T19R/G142D/L452R/T478K
AY.4.5,T19R/G142D/L452R/T478K
AY.4.6,T19R/L452R/T478K
AY.4.7,T19R/L452R/T478K
AY.4.8,T19R/G142D/L452R/T478K
AY.4.9,T19R/G142D/L452R/T478K
AY.40,T19R/F140X/L141X/G142X/V143X/L452R
AY.41,T19R/A262S/L452R/S477I/T478K
AY.42,T19R/L452R/T478K
AY.43,T19R/G142D/L452R/T478K
AY.43.3,T19R/G142D/L452R/T478K
AY.43.4,T19R/G142D/K356R/L452R/T478K
AY.43.5,T19R/G142X/E156X/F157X/R158X/L452R/T478K/N501S
AY.43.6,T19R/G142D/L452R/T478K
AY.43.8,T19R/G142D/L452R/T478K
AY.43.9,T19R/L452R/T478K
AY.44,T19R/L452R/T478K
AY.45,T19R/L452R/T478K
AY.46,T19R/G142D/L452R/T478K
AY.46.1,T19R/G142D/L452R/T478K
AY.46.2,T19R/G142D/L452R/T478K
AY.46.3,T19R/G142X
AY.46.4,T19R/L452R/T478K
AY.46.5,T19R/G142D/L452R/T478K
AY.46.6,T19R/G142D/L452R/T478K
AY.46.6.1,T19R/L452R/T478K
AY.47,T19R/L452R/T478K
AY.48,T19R/F140X/L141X/G142X/V143X/L452R/T478K
AY.5,T19R/L452R/T478K
AY.5.1,T19R/L452R/T478K
AY.5.2,T19R/G142D/L452R/T478K
AY.5.3,T19R/L452R/T478K
AY.5.4,T19R/G142D/L452R/T478K
AY.5.5,T19R/L452R/T478K
AY.5.6,T19R/L452R/T478K
AY.50,T19R
AY.51,T19R/L452R/T478K
AY.52,T19R/G142X/E156X/F157X/R158X/L452R/T478K
AY.53,T19R/L452R/T478K
AY.54,T19R/F140X/G142X/L452R/T478K
AY.55,T19R/L452R/T478K
AY.56,Q14X/C15X/V16X/N17X/L18X/T19X/T20X/F140X/L141X/G142X/V143X/Y144X/Y145X/H146X/K147X/N148X/N149X/K150X/S151X/W152X/M153X/E154X/S155X/E156X/F157X/R158X/L452R/T478K
AY.57,
AY.58,T19R/L452R/T478K
AY.59,T19R/L452R/T478K
AY.6,T19R/L452R/T478K
AY.60,T19R/L452R/T478K
AY.61,T19R/G142D/L452R/T478K
AY.63,T19R/L452R/T478K
AY.65,T19R/L452R/T478K
AY.66,T19R/L452R/T478K
AY.68,T19R/D253A/L452R/T478K
AY.69,T19R/G142D/L452R/T478K
AY.7,T19R/L452R/T478K
AY.7.1,T19R/G142D/L452R/T478K
AY.7.2,T19R/L452R/T478K
AY.70,T19R/L452R/T478K
AY.71,T19R/L452R/T478K
AY.72,T19R/L452R/T478K
AY.73,T19R/L452R/T478K
AY.74,T19R/G142X/L452R/T478K
AY.75,T19R/L452R/T478K
AY.75.2,T19R/G142D/L452R/T478K
AY.76,T19R/G142X
AY.77,T19R/F140X/L141X/G142X/V143X/L452R/T478K
AY.78,T19R/L452R/T478K
AY.79,T19R/L452R/T478K
AY.8,T19R/L452R/T478K
AY.80,T19R/L452R/T478K
AY.81,T19R/F140X/L141X/G142X/V143X/L452R/T478K
AY.82,T19R/L452R/T478K
AY.83,T19R/F140X/L141X/G142X/V143X/L452R/T478K
AY.84,T19R/L452R/T478K
AY.85,T19R/L452R/T478K
AY.86,T19R
AY.87,T19R/L452R/T478K
AY.88,T19R/L452R/T478K
AY.9,T19R/L452R/T478K
AY.9.2,T19R/L452R/T478K
AY.9.2.2,T19R/G142D/L452R/T478K
AY.90,T19R/G142D/L452R/T478K
AY.91,T19R/L452R/T478K
AY.91.1,T19R/F140X/L141X/G142X/V143X/L452R/T478K
AY.92,T19R/L452R/T478K
AY.93,T19R/F140X/L141X/G142X/V143X/L452R
AY.94,T19R/L452R/T478K
AY.95,T19R/L452R/T478K
AY.98,T19R/G142D/L452R/T478K
AY.98.1,T19R/P251L/L452R/T478K
AY.98.1.1,L18F/T19R/G142D/P251L/L452R/T478K
AY.99,T19R/L452R/T478K
AY.99.1,T19R/L452R/T478K
AY.99.2,T19R/G142D/L452R/T478K
AZ.1,E484K
AZ.2,E484K
AZ.4,E484K
AZ.5,W258L/E484K
B,
B.1,
B.1.1,
B.1.1.1,
B.1.1.10,
B.1.1.101,
B.1.1.107,
B.1.1.109,
B.1.1.111,
B.1.1.114,
B.1.1.115,
B.1.1.117,
B.1.1.119,
B.1.1.12,
B.1.1.120,
B.1.1.121,
B.1.1.122,T20I
B.1.1.123,
B.1.1.125,
B.1.1.128,
B.1.1.129,M153T
B.1.1.13,
B.1.1.130,
B.1.1.132,
B.1.1.133,
B.1.1.134,
B.1.1.136,N501Y
B.1.1.137,
B.1.1.138,
B.1.1.14,
B.1.1.141,M153T
B.1.1.144,S477N
B.1.1.145,
B.1.1.147,
B.1.1.148,
B.1.1.149,
B.1.1.15,
B.1.1.153,
B.1.1.154,
B.1.1.155,
B.1.1.159,
B.1.1.16,
B.1.1.160,
B.1.1.161,
B.1.1.163,
B.1.1.164,
B.1.1.165,
B.1.1.166,
B.1.1.168,
B.1.1.170,
B.1.1.171,
B.1.1.174,
B.1.1.178,
B.1.1.182,
B.1.1.187,
B.1.1.189,
B.1.1.190,
B.1.1.192,
B.1.1.193,
B.1.1.194,
B.1.1.196,
B.1.1.197,
B.1.1.198,
B.1.1.200,
B.1.1.201,
B.1.1.203,
B.1.1.204,
B.1.1.208,
B.1.1.209,
B.1.1.213,
B.1.1.216,
B.1.1.217,
B.1.1.218,
B.1.1.219,F157L
B.1.1.220,
B.1.1.221,
B.1.1.222,
B.1.1.227,
B.1.1.228,
B.1.1.232,
B.1.1.234,M153I
B.1.1.236,
B.1.1.237,
B.1.1.240,
B.1.1.241,
B.1.1.242,
B.1.1.243,
B.1.1.249,P251L
B.1.1.25,
B.1.1.253,
B.1.1.254,
B.1.1.255,
B.1.1.256,
B.1.1.257,
B.1.1.262,
B.1.1.263,
B.1.1.266,S459Y
B.1.1.269,
B.1.1.27,
B.1.1.270,
B.1.1.272,A520S
B.1.1.274,
B.1.1.275,
B.1.1.277,
B.1.1.279,
B.1.1.28,
B.1.1.280,M153T
B.1.1.286,
B.1.1.288,
B.1.1.289,
B.1.1.29,
B.1.1.291,
B.1.1.294,
B.1.1.296,
B.1.1.297,
B.1.1.298,Y453F/F490S
B.1.1.299,
B.1.1.3,T478I
B.1.1.300,
B.1.1.301,
B.1.1.302,
B.1.1.303,
B.1.1.305,
B.1.1.306,
B.1.1.307,
B.1.1.308,
B.1.1.309,
B.1.1.310,
B.1.1.311,
B.1.1.312,
B.1.1.315,
B.1.1.317,
B.1.1.318,E484K
B.1.1.319,
B.1.1.323,
B.1.1.325,
B.1.1.326,
B.1.1.329,
B.1.1.33,
B.1.1.333,S151X/W152X/M153X/E154X/S155X/E156X/F157X/R158X
B.1.1.339,
B.1.1.34,N450K
B.1.1.341,
B.1.1.347,
B.1.1.348,
B.1.1.349,
B.1.1.351,
B.1.1.353,
B.1.1.354,
B.1.1.355,
B.1.1.360,
B.1.1.361,
B.1.1.363,
B.1.1.364,
B.1.1.365,
B.1.1.369,
B.1.1.37,
B.1.1.370,
B.1.1.371,
B.1.1.372,
B.1.1.373,
B.1.1.374,L452Q
B.1.1.375,S477N
B.1.1.378,
B.1.1.379,
B.1.1.38,
B.1.1.380,
B.1.1.39,
B.1.1.391,
B.1.1.392,
B.1.1.395,
B.1.1.397,M153T
B.1.1.398,
B.1.1.4,
B.1.1.406,
B.1.1.408,
B.1.1.409,
B.1.1.41,
B.1.1.410,
B.1.1.411,
B.1.1.413,S477N
B.1.1.417,
B.1.1.419,
B.1.1.420,L18F/N440K
B.1.1.421,
B.1.1.425,
B.1.1.43,
B.1.1.433,S477R
B.1.1.434,
B.1.1.438,
B.1.1.44,
B.1.1.442,
B.1.1.447,
B.1.1.45,
B.1.1.46,
B.1.1.462,
B.1.1.47,
B.1.1.48,
B.1.1.482,
B.1.1.485,
B.1.1.487,L452R
B.1.1.49,
B.1.1.5,
B.1.1.50,
B.1.1.500,
B.1.1.51,
B.1.1.519,T478K
B.1.1.521,
B.1.1.523,E484K/S494P
B.1.1.525,E484K
B.1.1.529,
B.1.1.54,
B.1.1.55,
B.1.1.58,
B.1.1.59,
B.1.1.63,
B.1.1.67,
B.1.1.7,N501Y
B.1.1.70,
B.1.1.71,
B.1.1.74,
B.1.1.75,
B.1.1.8,
B.1.1.82,
B.1.1.83,
B.1.1.84,Q14X/C15X/V16X/N17X/L18X/T19X/T20X/A260X/G261X/A262X/A263X/A264X/N501X
B.1.1.86,
B.1.1.88,
B.1.1.89,
B.1.1.92,
B.1.1.95,
B.1.1.97,
B.1.1.99,
B.1.104,
B.1.105,
B.1.110.2,
B.1.110.3,
B.1.111,
B.1.115,
B.1.117,
B.1.12,
B.1.120,
B.1.128,
B.1.13,
B.1.131,
B.1.142,
B.1.143,N439K
B.1.146,
B.1.147,
B.1.149,
B.1.151,
B.1.153,
B.1.157,
B.1.160,S477N
B.1.160.10,S477N
B.1.160.12,S477N
B.1.160.23,S477N
B.1.160.26,S477N
B.1.160.33,S477N
B.1.160.7,S477N
B.1.164,
B.1.165,
B.1.167,
B.1.168,
B.1.170,
B.1.173,
B.1.177,L18F
B.1.177.10,A262S
B.1.177.11,
B.1.177.14,
B.1.177.15,
B.1.177.16,
B.1.177.17,
B.1.177.18,
B.1.177.19,
B.1.177.2,
B.1.177.20,
B.1.177.21,
B.1.177.23,
B.1.177.24,
B.1.177.26,
B.1.177.29,
B.1.177.3,
B.1.177.30,
B.1.177.31,
B.1.177.32,
B.1.177.33,
B.1.177.35,
B.1.177.38,
B.1.177.39,S255X/S256X/G257X/W258X/T259X/A260X/G261X/A262X/A263X/A264X
B.1.177.4,
B.1.177.41,
B.1.177.43,L18F
B.1.177.44,
B.1.177.46,A262S
B.1.177.47,L18F
B.1.177.48,L18F
B.1.177.5,L18F
B.1.177.50,
B.1.177.51,
B.1.177.52,
B.1.177.53,
B.1.177.54,
B.1.177.55,
B.1.177.56,
B.1.177.57,
B.1.177.58,L18F
B.1.177.59,L18F
B.1.177.6,L18F
B.1.177.60,L18F
B.1.177.63,L18F
B.1.177.65,L18F
B.1.177.67,L18F
B.1.177.69,
B.1.177.7,L18F
B.1.177.73,
B.1.177.74,
B.1.177.75,
B.1.177.77,
B.1.177.8,L18F
B.1.177.81,
B.1.177.82,A262S
B.1.177.83,A262S
B.1.177.84,A262S
B.1.177.85,
B.1.177.86,L18F
B.1.177.87,A262S
B.1.177.9,A262S
B.1.179,
B.1.180,
B.1.189,
B.1.190,
B.1.195,
B.1.198,
B.1.2,
B.1.201,
B.1.208,
B.1.210,
B.1.213,
B.1.214.2,Q414K/N450K
B.1.214.3,T478K
B.1.215,
B.1.218,
B.1.22,
B.1.220,
B.1.221,
B.1.221.1,
B.1.221.2,
B.1.222,N439K
B.1.223,
B.1.225,
B.1.229,
B.1.23,
B.1.231,
B.1.232,
B.1.234,
B.1.235,
B.1.236,
B.1.238,
B.1.239,
B.1.240,
B.1.240.2,
B.1.241,
B.1.243,
B.1.248,
B.1.249,G257D
B.1.250,
B.1.251,
B.1.252,
B.1.254,
B.1.256,
B.1.258,N439K
B.1.258.10,N439K
B.1.258.11,V143F/N439K
B.1.258.12,N439K
B.1.258.14,N439K
B.1.258.17,F392X/T393X/N394X/V395X/Y396X/A397X/S399X/V401X/I402X/R403X/G404X/D405X/E406X/V407X/R408X/Q409X/I410X/A411X/N439K
B.1.258.2,N439K
B.1.258.20,N439K
B.1.258.22,F392X/T393X/N394X/V395X/Y396X/A397X/S399X/V401X/I402X/R403X/G404X/D405X/E406X/V407X/R408X/Q409X/I410X/A411X/G413X/Q414X/T415X/K417X/I418X/A419X/D420X/N439K
B.1.258.3,N439K
B.1.258.4,N439K
B.1.258.5,N439K
B.1.258.6,N439K
B.1.258.7,N439K
B.1.264,
B.1.277,
B.1.282,
B.1.293,
B.1.298,
B.1.321,
B.1.324,
B.1.349,
B.1.35,
B.1.350,
B.1.350.1,
B.1.351,K417N/E484K/N501Y
B.1.351.2,L18F/K417N/E484K
B.1.351.3,L18F/A262X/A263X/A264X/K417N/E484K/N501Y
B.1.351.5,L18F/K417N/E484K/N501Y
B.1.356,
B.1.36,
B.1.36.1,
B.1.36.10,
B.1.36.12,
B.1.36.16,
B.1.36.17,
B.1.36.18,
B.1.36.2,
B.1.36.20,
B.1.36.21,
B.1.36.22,
B.1.36.23,A522V
B.1.36.24,
B.1.36.26,
B.1.36.28,
B.1.36.29,N440K
B.1.36.31,
B.1.36.33,
B.1.36.34,
B.1.36.35,
B.1.36.37,
B.1.36.38,
B.1.36.39,
B.1.36.7,
B.1.36.8,
B.1.36.9,
B.1.360,
B.1.362,
B.1.362.1,
B.1.362.2,
B.1.367,
B.1.369,
B.1.372,
B.1.375,S477R
B.1.377,
B.1.378,
B.1.379,
B.1.381,
B.1.383,
B.1.389,
B.1.39,
B.1.390,
B.1.391,
B.1.395,
B.1.398,
B.1.40,
B.1.400,
B.1.406,
B.1.407,
B.1.408,
B.1.409,
B.1.411,
B.1.413,
B.1.416,
B.1.416.1,
B.1.418,
B.1.420,
B.1.427,W152C/L452R
B.1.428.2,
B.1.428.3,N481K
B.1.429,W152C/L452R
B.1.431,
B.1.438,
B.1.438.1,
B.1.439,
B.1.44,
B.1.441,
B.1.446,
B.1.459,
B.1.460,
B.1.462,
B.1.465,
B.1.466,
B.1.466.1,N439K
B.1.466.2,N439K
B.1.467,
B.1.468,
B.1.469,
B.1.470,
B.1.471,
B.1.474,
B.1.480,
B.1.483,
B.1.489,
B.1.491,
B.1.499,
B.1.503,
B.1.504,
B.1.505,
B.1.509,
B.1.520,
B.1.523,
B.1.525,E484K
B.1.526,D253G
B.1.527,
B.1.531,
B.1.532,
B.1.540,
B.1.549,
B.1.551,
B.1.557,
B.1.559,
B.1.561,S151X/W152X/M153X/E154X/S155X/E156X/F157X/R158X
B.1.562,
B.1.563,
B.1.568,
B.1.575,S494P
B.1.575.1,S494P
B.1.577,
B.1.582,
B.1.595,
B.1.596,
B.1.6,
B.1.600,
B.1.604,T19X/G142X/V143X/Y144X/Y145X/E156X/F157X/R158X/G339X/S371X/S373X/S375X/L452R/T478K/Q493X/G496X/Q498X/N501X/Y505X
B.1.606,T19X/G142D/G339X/S371X/L452R/S477X/T478K/E484X/Q493R/G496S/Q498R/N501Y/Y505H
B.1.607,
B.1.609,
B.1.610,L18F
B.1.617.1,G142D/E154K/L452R/E484Q
B.1.617.2,T19R/L452R/T478K
B.1.617.3,T19R/G142D/L452R/E484Q
B.1.618,E484K
B.1.619,N440K/E484K
B.1.620,S255X/S256X/G257X/W258X/T259X/A260X/G261X/A262X/A263X/A264X/S477N/E484K
B.1.621,R346K/E484K/N501Y
B.1.621.1,R346K/E484K/N501Y
B.1.621.2,R346K/Y449N/E484K/N501Y
B.1.623,E484K/S494P/N501Y
B.1.625,F157L/N440K/E484K
B.1.626,L18F/S151X/W152X/M153X/E154X/S155X/E156X/F157X/R158X/G257S/E484K/F490S/N501T
B.1.629,G142D/L452R/T478K
B.1.630,A262X/A263X/A264X/L452R/T478R/E484Q
B.1.633,D253N/L452R/T478K/E484A
B.1.637,F157S/L452R
B.1.637.1,F157S/A264V/G446R/L452R/T478R
B.1.640.1,R346S/N394S/Y449N/F490R/N501Y
B.1.640.2,R346S/N394S/E484K/F490S/N501Y
B.1.67,
B.1.69,
B.1.70,
B.1.76,
B.1.77,S247G
B.1.8,
B.1.81,
B.1.9,
B.1.9.1,
B.1.9.4,
B.1.9.5,
B.1.91,
B.1.93,
B.1.97,
B.10,
B.11,
B.15,
B.18,
B.23,
B.26,
B.27,
B.28,
B.29,
B.3,
B.3.1,
B.31,
B.32,
B.33,
B.34,
B.35,
B.39,
B.4,
B.4.2,
B.4.7,
B.4.8,
B.40,
B.41,
B.45,
B.47,
B.52,
B.55,
B.57,
B.58,
B.6,
B.60,
B.61,
BA.1,G339D/S371L/S373P/S375F/R408X/Q409X/I410X/A411X/G413X/Q414X/T415X/K417X/I418X/A419X/D420X/Y421X/K424X/L425X/P426X/D427X/D428X/F429X/T430X/V433X/I434X/A435X/N437X/S438X/N439X/N440X/L441X/S443X/K444X/V445X/G446X/G447X/N448X/Y449X/N450X/Y451X/L452X/Y453X/L455X/F456X/K458X/S459X/N460X/L461X/K462X/P463X/F464X/E465X/R466X/I468X/S469X/T470X/E471X/S477N/T478K/E484A/Q493R/G496S/Q498R/N501Y/Y505H
BA.1.1,G339D/R346K/S371L/S373P/S375F/R408X/Q409X/I410X/A411X/G413X/Q414X/T415X/K417X/I418X/A419X/D420X/Y421X/K424X/L425X/P426X/D427X/D428X/F429X/T430X/V433X/I434X/A435X/N437X/S438X/N439X/N440X/L441X/S443X/K444X/V445X/G446X/G447X/N448X/Y449X/N450X/Y451X/L452X/Y453X/L455X/F456X/K458X/S459X/N460X/L461X/K462X/P463X/F464X/E465X/R466X/I468X/S469X/T470X/E471X/S477N/T478K/E484A/Q493R/G496S/Q498R/N501Y/Y505H
BA.1.1.1,G339D/R346K/S371L/S373P/S375F/S477N/T478K/E484A/Q493R
BA.1.1.10,G339D/R346K/S371L/S373P/S375F/S477N/T478K/E484A/Q493R
BA.1.1.11,G339D/R346K/S371L/S373P/S375F/S477N/T478K/E484A/Q493R
BA.1.1.12,G339D/R346K/S371L/S373P/S375F/R408X/Q409X/I410X/A411X/G413X/Q414X/T415X/K417X/I418X/A419X/D420X/Y421X/K424X/L425X/P426X/D427X/D428X/F429X/T430X/V433X/I434X/A435X/N437X/S438X/N439X/N440X/L441X/S443X/K444X/V445X/G446X/G447X/N448X/Y449X/N450X/Y451X/L452X/Y453X/L455X/F456X/K458X/S459X/N460X/L461X/K462X/P463X/F464X/E465X/R466X/I468X/S469X/T470X/E471X/S477N/T478K/E484A/Q493R/G496S/Q498R/N501Y/Y505H
BA.1.1.13,G339D/R346K/S371L/S373P/S375F/R408X/Q409X/I410X/A411X/G413X/Q414X/T415X/K417X/I418X/A419X/D420X/Y421X/K424X/L425X/P426X/D427X/D428X/F429X/T430X/V433X/I434X/A435X/N437X/S438X/N439X/N440X/L441X/S443X/K444X/V445X/G446X/G447X/N448X/Y449X/N450X/Y451X/L452X/Y453X/L455X/F456X/K458X/S459X/N460X/L461X/K462X/P463X/F464X/E465X/R466X/I468X/S469X/T470X/E471X/S477N/T478K/E484A/Q493R/G496S/Q498R/N501Y/Y505H
BA.1.1.14,G339D/R346K/S371L/S373P/S375F/R408X/Q409X/I410X/A411X/G413X/Q414X/T415X/K417X/I418X/A419X/D420X/Y421X/K424X/L425X/P426X/D427X/D428X/F429X/T430X/V433X/I434X/A435X/N437X/S438X/N439X/N440X/L441X/S443X/K444X/V445X/G446X/G447X/N448X/Y449X/N450X/Y451X/L452X/Y453X/L455X/F456X/K458X/S459X/N460X/L461X/K462X/P463X/F464X/E465X/R466X/I468X/S469X/T470X/E471X/S477N/T478K/E484A/Q493R/G496S/Q498R/N501Y/Y505H
BA.1.1.15,G339D/R346K/S371L/S373P/S375F/R408X/Q409X/I410X/A411X/G413X/Q414X/T415X/K417X/I418X/A419X/D420X/Y421X/K424X/L425X/P426X/D427X/D428X/F429X/T430X/V433X/I434X/A435X/N437X/S438X/N439X/N440X/L441X/S443X/K444X/V445X/G446X/G447X/N448X/Y449X/N450X/Y451X/L452X/Y453X/L455X/F456X/K458X/S459X/N460X/L461X/K462X/P463X/F464X/E465X/R466X/I468X/S469X/T470X/E471X/S477N/T478K/E484A/Q493R/G496S/Q498R/N501Y/Y505H
BA.1.1.16,F140X/L141X/G142X/V143X/Y144X/Y145X/H146X/K147X/N148X/N149X/K150X/S151X/W152X/M153X/E154X/S155X/E156X/F157X/R158X/G339D/R346K/S371L/S373P/K417N/N440K/G446S/Q474X/A475X/G476X/S477X/T478X/P479X/C480X/N481X/G482X/V483X/E484X/G485X/F486X/N487X/C488X/Y489X/F490X/P491X/L492X/Q493X/S494X/G496X/Q498X/P499X/T500X/N501X/G502X/V503X/G504X/Y505X/Q506X/P507X/Y508X
BA.1.1.18,G339D/R346K/S477N/T478K/E484A/Q493R
BA.1.1.2,G339D/S371L/S373P/S375F/S477N/T478K/E484A/Q493R/G496S
BA.1.1.3,F140X/L141X/G142X/V143X/Y144X/Y145X/H146X/K147X/N148X/N149X/K150X/S151X/W152X/M153X/E154X/S155X/E156X/F157X/R158X/G339D/R346K/S371L/S373P/K417N/N440K/G446S/T470X/E471X/I472X/Y473X/Q474X/A475X/G476X/S477X/T478X/P479X/C480X/N481X/G482X/V483X/E484X/G485X/F486X/N487X/C488X/Y489X/F490X/P491X/L492X/Q493X/S494X/G496X/Q498X/P499X/T500X/N501X/G502X/V503X/G504X/Y505X/Q506X/P507X/Y508X
BA.1.1.4,G339D/R346K/S371L/S373P/S375F/S477N/T478K/E484A/Q493R
BA.1.1.6,G339D/R346K/S371L/S373P/S375F/R408X/Q409X/I410X/A411X/G413X/Q414X/T415X/K417X/I418X/A419X/D420X/Y421X/K424X/L425X/P426X/D427X/D428X/F429X/T430X/V433X/I434X/A435X/N437X/S438X/N439X/N440X/L441X/S443X/K444X/V445X/G446X/G447X/N448X/Y449X/N450X/Y451X/L452X/Y453X/L455X/F456X/K458X/S459X/N460X/L461X/K462X/P463X/F464X/E465X/R466X/I468X/S469X/T470X/E471X/S477N/T478K/E484A/Q493R/G496S/Q498R/N501Y/Y505H
BA.1.1.7,N331X/I332X/T333X/N334X/L335X/C336X/P337X/F338X/G339X/E340X/V341X/F342X/A344X/T345X/R346X/F347X/A348X/S349X/Y351X/A352X/W353X/N354X/K356X/R357X/I358X/S359X/N360X/C361X/V362X/A363X/Y365X/S366X/V367X/L368X/Y369X/N370X/S371X/A372X/S373X/F374X/S375X/T376X/F377X/K378X/Y380X/G381X/V382X/S383X/P384X/T385X/K386X/L387X/N388X/D389X/L390X/C391X/F392X/T393X/N394X/V395X/K417N/N440K/G446S/S477N/T478K/E484A/Q493R/G496S/Q498R/N501Y/Y505H
BA.1.1.8,G339D/R346K/S371L/S373P/S375F/R408X/Q409X/I410X/A411X/G413X/Q414X/T415X/K417X/I418X/A419X/D420X/Y421X/K424X/L425X/P426X/D427X/D428X/F429X/T430X/V433X/I434X/A435X/N437X/S438X/N439X/N440X/L441X/S443X/K444X/V445X/G446X/G447X/N448X/Y449X/N450X/Y451X/L452X/Y453X/L455X/F456X/K458X/S459X/N460X/L461X/K462X/P463X/F464X/E465X/R466X/I468X/S469X/T470X/E471X/S477N/T478K/E484A/Q493R/G496S/Q498R/N501Y/Y505H
BA.1.1.9,G339D/R346K/S371L/S373P/S375F/R408X/Q409X/I410X/A411X/G413X/Q414X/T415X/K417X/I418X/A419X/D420X/Y421X/K424X/L425X/P426X/D427X/D428X/F429X/T430X/V433X/I434X/A435X/N437X/S438X/N439X/N440X/L441X/S443X/K444X/V445X/G446X/G447X/N448X/Y449X/N450X/Y451X/L452X/Y453X/L455X/F456X/K458X/S459X/N460X/L461X/K462X/P463X/F464X/E465X/R466X/I468X/S469X/T470X/E471X/S477N/T478K/E484A/Q493R/G496S/Q498R/N501Y/Y505H
BA.1.10,G339D/S371L/S373P/S375F/R408X/Q409X/I410X/A411X/G413X/Q414X/T415X/K417X/I418X/A419X/D420X/Y421X/K424X/L425X/P426X/D427X/D428X/F429X/T430X/V433X/I434X/A435X/N437X/S438X/N439X/N440X/L441X/S443X/K444X/V445X/G446X/G447X/N448X/Y449X/N450X/Y451X/L452X/Y453X/L455X/F456X/K458X/S459X/N460X/L461X/K462X/P463X/F464X/E465X/R466X/I468X/S469X/T470X/E471X/S477N/T478K/E484A/Q493R/G496S/Q498R/N501Y/Y505H
BA.1.12,G339D/S371L/S373P/S375F/R408X/Q409X/I410X/A411X/G413X/Q414X/T415X/K417X/I418X/A419X/D420X/Y421X/K424X/L425X/P426X/D427X/D428X/F429X/T430X/V433X/I434X/A435X/N437X/S438X/N439X/N440X/L441X/S443X/K444X/V445X/G446X/G447X/N448X/Y449X/N450X/Y451X/L452X/Y453X/L455X/F456X/K458X/S459X/N460X/L461X/K462X/P463X/F464X/E465X/R466X/I468X/S469X/T470X/E471X/S477N/T478K/E484A/Q493R/G496S/Q498R/N501Y/Y505H
BA.1.13,G339D/S371L/S373P/S375F/N437X/S438X/N439X/N440X/L441X/S443X/K444X/V445X/G446X/G447X/N448X/Y449X/N450X/Y451X/L452X/Y453X/L455X/F456X/K458X/S459X/N460X/L461X/K462X/P463X/F464X/E465X/R466X/I468X/S469X/T470X/E471X/S477N/T478K/E484A/Q493R
BA.1.14,G339D/S371L/S373P/S375F/R408X/Q409X/I410X/A411X/G413X/Q414X/T415X/K417X/I418X/A419X/D420X/Y421X/K424X/L425X/P426X/D427X/D428X/F429X/T430X/V433X/I434X/A435X/N437X/S438X/N439X/N440X/L441X/S443X/K444X/V445X/G446X/G447X/N448X/Y449X/N450X/Y451X/L452X/Y453X/L455X/F456X/K458X/S459X/N460X/L461X/K462X/P463X/F464X/E465X/R466X/I468X/S469X/T470X/E471X/S477N/T478K/E484A/Q493R/G496S/Q498R/N501Y/Y505H
BA.1.14.1,E156X/F157X/R158X/G339D/K356X/R357X/I358X/S359X/N360X/C361X/V362X/A363X/Y365X/S366X/V367X/L368X/Y369X/N370X/S371X/A372X/S373X/F374X/S375X/T376X/F377X/K378X/Y380X/G381X/V382X/S383X/P384X/T385X/K386X/L387X/N388X/D389X/L390X/C391X/F392X/T393X/N394X/V395X/Y396X/A397X/S399X/V401X/I402X/R403X/G404X/D405X/E406X/V407X/R408X/Q409X/I410X/A411X/G413X/Q414X/T415X/K417X/I418X/A419X/D420X/Y421X/K424X/L425X/P426X/D427X/D428X/F429X/T430X/V433X/I434X/A435X/N437X/S438X/N439X/N440X/L441X/S443X/K444X/V445X/G446X/G447X/N448X/Y449X/N450X/Y451X/L452X/Y453X/L455X/E471X/I472X/Y473X/Q474X/A475X/G476X/S477X/T478X/P479X/C480X/N481X/G482X/V483X/E484X/G485X/F486X/N487X/C488X/Y489X/F490X/P491X/L492X/Q493X/S494X/G496X/Q498X/P499X/T500X/N501X/G502X/V503X/G504X/Y505X/Q506X/P507X/Y508X/V510X/V512X/L513X/S514X/F515X/H519X/A520X/P521X/A522X/T523X
BA.1.14.2,G339D/S371L/S373P/S375F/R408X/Q409X/I410X/A411X/G413X/Q414X/T415X/K417X/I418X/A419X/D420X/Y421X/K424X/L425X/P426X/D427X/D428X/F429X/T430X/V433X/I434X/A435X/N437X/S438X/N439X/N440X/L441X/S443X/K444X/V445X/G446X/G447X/N448X/Y449X/N450X/Y451X/L452X/Y453X/L455X/F456X/K458X/S459X/N460X/L461X/K462X/P463X/F464X/E465X/R466X/I468X/S469X/T470X/E471X/S477N/T478K/E484A/Q493R/G496S/Q498R/N501Y/Y505H
BA.1.15,G339D/S371L/S373P/S375F/R408X/Q409X/I410X/A411X/G413X/Q414X/T415X/K417X/I418X/A419X/D420X/Y421X/K424X/L425X/P426X/D427X/D428X/F429X/T430X/V433X/I434X/A435X/N437X/S438X/N439X/N440X/L441X/S443X/K444X/V445X/G446X/G447X/N448X/Y449X/N450X/Y451X/L452X/Y453X/L455X/F456X/K458X/S459X/N460X/L461X/K462X/P463X/F464X/E465X/R466X/I468X/S469X/T470X/E471X/S477N/T478K/E484A/Q493R/G496S/Q498R/N501Y/Y505H
BA.1.15.1,G339D/S371L/S373P/S375F/R408X/Q409X/I410X/A411X/G413X/Q414X/T415X/K417X/I418X/A419X/D420X/Y421X/K424X/L425X/P426X/D427X/D428X/F429X/T430X/V433X/I434X/A435X/N437X/S438X/N439X/N440X/L441X/S443X/K444X/V445X/G446X/G447X/N448X/Y449X/N450X/Y451X/L452X/Y453X/L455X/F456X/K458X/S459X/N460X/L461X/K462X/P463X/F464X/E465X/R466X/I468X/S469X/T470X/E471X/S477N/T478K/E484A/Q493R/G496S/Q498R/N501Y/Y505H
BA.1.15.3,G339D/S371L/S373P/S477N/E484A/Q493R/G496S
BA.1.16,G339D/S371L/S373P/S375F/R408X/Q409X/I410X/A411X/G413X/Q414X/T415X/K417X/I418X/A419X/D420X/Y421X/K424X/L425X/P426X/D427X/D428X/F429X/T430X/V433X/I434X/A435X/N437X/S438X/N439X/N440X/L441X/S443X/K444X/V445X/G446X/G447X/N448X/Y449X/N450X/Y451X/L452X/Y453X/L455X/F456X/K458X/S459X/N460X/L461X/K462X/P463X/F464X/E465X/R466X/I468X/S469X/T470X/E471X/S477N/T478K/E484A/Q493R/G496S/Q498R/N501Y/Y505H
BA.1.17,G339D/S371L/S373P/S375F/R408X/Q409X/I410X/A411X/G413X/Q414X/T415X/K417X/I418X/A419X/D420X/Y421X/K424X/L425X/P426X/D427X/D428X/F429X/T430X/V433X/I434X/A435X/N437X/S438X/N439X/N440X/L441X/S443X/K444X/V445X/G446X/G447X/N448X/Y449X/N450X/Y451X/L452X/Y453X/L455X/F456X/K458X/S459X/N460X/L461X/K462X/P463X/F464X/E465X/R466X/I468X/S469X/T470X/E471X/S477N/T478K/E484A/Q493R/G496S/Q498R/N501Y/Y505H
BA.1.17.2,G339D/S371L/S373P/S375F/R408X/Q409X/I410X/A411X/G413X/Q414X/T415X/K417X/I418X/A419X/D420X/Y421X/K424X/L425X/P426X/D427X/D428X/F429X/T430X/V433X/I434X/A435X/N437X/S438X/N439X/N440X/L441X/S443X/K444X/V445X/G446X/G447X/N448X/Y449X/N450X/Y451X/L452X/Y453X/L455X/F456X/K458X/S459X/N460X/L461X/K462X/P463X/F464X/E465X/R466X/I468X/S469X/T470X/E471X/S477N/T478K/E484A/Q493R/G496S/Q498R/N501Y/Y505H
BA.1.18,G339D/S371L/S373P/S375F/R408X/Q409X/I410X/A411X/G413X/Q414X/T415X/K417X/I418X/A419X/D420X/Y421X/K424X/L425X/P426X/D427X/D428X/F429X/T430X/V433X/I434X/A435X/N437X/S438X/N439X/N440X/L441X/S443X/K444X/V445X/G446X/G447X/N448X/Y449X/N450X/Y451X/L452X/Y453X/L455X/F456X/K458X/S459X/N460X/L461X/K462X/P463X/F464X/E465X/R466X/I468X/S469X/T470X/E471X/S477N/T478K/E484A/Q493R/G496S/Q498R/N501Y/Y505H
BA.1.19,G339D/S371L/S373P/S375F/R408X/Q409X/I410X/A411X/G413X/Q414X/T415X/K417X/I418X/A419X/D420X/Y421X/K424X/L425X/P426X/D427X/D428X/F429X/T430X/V433X/I434X/A435X/N437X/S438X/N439X/N440X/L441X/S443X/K444X/V445X/G446X/G447X/N448X/Y449X/N450X/Y451X/L452X/Y453X/L455X/F456X/K458X/S459X/N460X/L461X/K462X/P463X/F464X/E465X/R466X/I468X/S469X/T470X/E471X/S477N/T478K/E484A/Q493R/G496S/Q498R/N501Y/Y505H
BA.1.20,G339D/S371L/S373P/S375F/S477N/T478K/E484A/Q493R
BA.1.21,G339D/S371L/S373P/S375F/R408X/Q409X/I410X/A411X/G413X/Q414X/T415X/K417X/I418X/A419X/D420X/Y421X/K424X/L425X/P426X/D427X/D428X/F429X/T430X/V433X/I434X/A435X/N437X/S438X/N439X/N440X/L441X/S443X/K444X/V445X/G446X/G447X/N448X/Y449X/N450X/Y451X/L452X/Y453X/L455X/F456X/K458X/S459X/N460X/L461X/K462X/P463X/F464X/E465X/R466X/I468X/S469X/T470X/E471X/S477N/T478K/E484A/Q493R/G496S/Q498R/N501Y/Y505H
BA.1.21.1,G339D/S371L/S373P/S375F/K417N/N440K/G446S/S477N/T478K/E484A/Q493R/G496X/Q498X/P499X/T500X/N501X/G502X/V503X/G504X/Y505X/Q506X/P507X/Y508X
BA.1.4,G339D/S371L/S373P/S375F/R408X/Q409X/I410X/A411X/G413X/Q414X/T415X/K417X/I418X/A419X/D420X/Y421X/K424X/L425X/P426X/D427X/D428X/F429X/T430X/V433X/I434X/A435X/N437X/S438X/N439X/N440X/L441X/S443X/K444X/V445X/G446X/G447X/N448X/Y449X/N450X/Y451X/L452X/Y453X/L455X/F456X/K458X/S459X/N460X/L461X/K462X/P463X/F464X/E465X/R466X/I468X/S469X/T470X/E471X/S477N/T478K/E484A/Q493R/G496S/Q498R/N501Y/Y505H
BA.1.5,G339D/S371L/S373P/S375F/R408X/Q409X/I410X/A411X/G413X/Q414X/T415X/K417X/I418X/A419X/D420X/Y421X/K424X/L425X/P426X/D427X/D428X/F429X/T430X/V433X/I434X/A435X/N437X/S438X/N439X/N440X/L441X/S443X/K444X/V445X/G446X/G447X/N448X/Y449X/N450X/Y451X/L452X/Y453X/L455X/F456X/K458X/S459X/N460X/L461X/K462X/P463X/F464X/E465X/R466X/I468X/S469X/T470X/E471X/S477N/T478K/E484A/Q493R/G496S/Q498R/N501Y/Y505H
BA.1.6,G339D/S371L/S373P/S375F/R408X/Q409X/I410X/A411X/G413X/Q414X/T415X/K417X/I418X/A419X/D420X/Y421X/K424X/L425X/P426X/D427X/D428X/F429X/T430X/V433X/I434X/A435X/N437X/S438X/N439X/N440X/L441X/S443X/K444X/V445X/G446X/G447X/N448X/Y449X/N450X/Y451X/L452X/Y453X/L455X/F456X/K458X/S459X/N460X/L461X/K462X/P463X/F464X/E465X/R466X/I468X/S469X/T470X/E471X/S477N/T478K/E484A/Q493R/G496S/Q498R/N501Y/Y505H
BA.1.7,G339D/S371L/S373P/S375F/R408X/Q409X/I410X/A411X/G413X/Q414X/T415X/K417X/I418X/A419X/D420X/Y421X/K424X/L425X/P426X/D427X/D428X/F429X/T430X/V433X/I434X/A435X/N437X/S438X/N439X/N440X/L441X/S443X/K444X/V445X/G446X/G447X/N448X/Y449X/N450X/Y451X/L452X/Y453X/L455X/F456X/K458X/S459X/N460X/L461X/K462X/P463X/F464X/E465X/R466X/I468X/S469X/T470X/E471X/S477N/T478K/E484A/Q493R/G496S/Q498R/N501Y/Y505H
BA.1.8,G339D/S371L/S373P/S375F/R408X/Q409X/I410X/A411X/G413X/Q414X/T415X/K417X/I418X/A419X/D420X/Y421X/K424X/L425X/P426X/D427X/D428X/F429X/T430X/V433X/I434X/A435X/N437X/S438X/N439X/N440X/L441X/S443X/K444X/V445X/G446X/G447X/N448X/Y449X/N450X/Y451X/L452X/Y453X/L455X/F456X/K458X/S459X/N460X/L461X/K462X/P463X/F464X/E465X/S477N/T478K/E484A/Q493R/G496S/Q498R/N501Y/Y505H
BA.1.9,G339D/S371L/S373P/S375F/R408X/Q409X/I410X/A411X/G413X/Q414X/T415X/K417X/I418X/A419X/D420X/Y421X/K424X/L425X/P426X/D427X/D428X/F429X/T430X/V433X/I434X/A435X/N437X/S438X/N439X/N440X/L441X/S443X/K444X/V445X/G446X/G447X/N448X/Y449X/N450X/Y451X/L452X/Y453X/L455X/F456X/K458X/S459X/N460X/L461X/K462X/P463X/F464X/E465X/R466X/I468X/S469X/T470X/E471X/S477N/T478K/E484A/Q493R/G496S/Q498R/N501Y/Y505H
BA.2,T19I/G142D/G339D/S371F/S373P/S375F/T376A/D405N/R408S/K417N/S477N/T478K/E484A/Q493R
BA.2.10,T19I/G142D/G339D/S371F/S373P/S375F/T376A/D405N/R408S/K417N/N440K/S477N/T478K/E484A
BA.2.3,T19I/G142D/D405N/S477N/T478K/E484A/Q493R
BA.2.5,T19I/G142D/G339D/S371F/S373P/S375F/T376A/D405N/R408S/K417N/N440K/S477N/T478K/E484A/Q493R/Q498R/N501Y/Y505H
BA.2.9,T19I/G142D/G339D/S371F/S373P/S375F/T376A/D405N/S477N/T478K/E484A/Q493R/Q498R/N501Y/Y505H
BA.3,G339D/S371F/S373P/S375F/D405N/S477N/T478K/E484A/Q493R/Q498R/N501Y/Y505H
BB.2,V143VT/Y144S/Y145N/R346K/E484K/N501Y
BD.1,G339D/S371L/S373P/S375F/R408X/Q409X/I410X/A411X/G413X/Q414X/T415X/K417X/I418X/A419X/D420X/Y421X/K424X/L425X/P426X/D427X/D428X/F429X/T430X/V433X/I434X/A435X/N437X/S438X/N439X/N440X/L441X/S443X/K444X/V445X/G446X/G447X/N448X/Y449X/N450X/Y451X/L452X/Y453X/L455X/F456X/K458X/S459X/N460X/L461X/K462X/P463X/F464X/E465X/R466X/I468X/S469X/T470X/E471X/S477N/T478K/E484A/Q493R/G496S/Q498R/N501Y/Y505H
C.1,
C.1.2,Y449H/E484K/N501Y
C.16,L452R
C.18,
C.2,N501T
C.27,
C.28,L452R
C.3,
C.30,S255F
C.35,
C.36,
C.36.3,W152R/R346S/L452R
C.36.3.1,W152R/R346S/L452R/S477N
C.37,L452Q/F490S
C.37.1,L452Q/F490S
C.38,S151X/W152X/M153X/E154X/S155X/E156X/F157X/R158X/E484K
D.4,
D.5,
G.1,N439K
L.3,L452R
M.3,
N.5,Q414R
NONE,Y144X/H245Y/S477N/E484K
P.1,L18F/T20N/K417T/E484K/N501Y
P.1.1,L18F/T20N/K417T/E484K/N501Y
P.1.10,L18F/T20N/K417T/E484K/N501Y
P.1.14,L18F/T20N/K417T/E484K/N501Y
P.1.15,L18F/T20N/K417T/E484K/N501Y
P.1.16,L18F/T20N/K417T/E484K/N501Y
P.1.17,L18F/T20N/K417T/E484K/N501Y
P.1.17.1,L18F/T20N/K417T/E484K/N501Y
P.1.2,L18F/T20N/K417T/E484K/N501Y
P.1.7,L18F/T20N/K417T/E484K/N501Y
P.1.8,L18F/T20N/K417T/T470N/E484K/N501Y
P.2,E484K
P.3,S151X/W152X/M153X/E154X/S155X/E156X/F157X/R158X/E484K/N501Y
Q.1,N501Y
Q.2,N501Y
Q.3,Y144X/N501Y
Q.4,N501Y
Q.6,Y144X/N501Y
Q.7,N501Y
Q.8,N501Y
R.1,W152L/E484K
S.1,
U.1,L18F
U.3,L18F
UNASSIGNED,
V.1,
V.2,
W.1,
W.3,
W.4,
XA,N501Y
XB,L18R/R158S/N440K
Y.1,
Z.1,
