lineage,mutated_sites_RBD
A,
A.1,
A.11,
A.12,D614N/L242P
A.2,
A.2.2,
A.2.3,
A.2.4,H655Y
A.2.5,D614G/F175X/L452R/P174X/Q173X/S172X/V171X/Y170X
A.2.5.1,A163X/C166X/D178X/D198X/D215X/D614G/E154X/E156X/E169X/E180X/E191X/F157X/F168X/F175X/F186X/F192X/F194X/F201X/G181X/G184X/G199X/H207X/I197X/I203X/I210X/K182X/K187X/K195X/K202X/K206X/L176X/L179X/L189X/L212X/L452R/M153X/M177X/N164X/N165X/N185X/N188X/N196X/N211X/P174X/P209X/Q173X/Q183X/R158X/R190X/R214X/S151X/S155X/S161X/S162X/S172X/S205X/T167X/T208X/V159X/V171X/V193X/V213X/W152X/Y160X/Y170X/Y200X/Y204X
A.2.5.2,A163X/A222X/A243X/C166X/D178X/D198X/D215X/D228X/D614G/E1144Q/E154X/E156X/E169X/E180X/E191X/E224X/F157X/F168X/F175X/F186X/F192X/F194X/F201X/F220X/F238X/G181X/G184X/G199X/G219X/G232X/H207X/I197X/I203X/I210X/I231X/I233X/I235X/K182X/K187X/K195X/K202X/K206X/L176X/L179X/L189X/L212X/L216X/L223X/L226X/L229X/L241X/L242X/L452R/M153X/M177X/N164X/N165X/N185X/N188X/N196X/N211X/N234X/P174X/P209X/P217X/P225X/P230X/Q173X/Q183X/Q218X/Q239X/R158X/R190X/R214X/R237X/S151X/S155X/S161X/S162X/S172X/S205X/S221X/T167X/T208X/T236X/T240X/V159X/V171X/V193X/V213X/V227X/W152X/Y160X/Y170X/Y200X/Y204X
A.21,D614N/L452R/R190S
A.23.1,F157L/P681R/Q613H/V367F
A.25,
A.26,
A.27,A653V/D796Y/G1219V/H655Y/L18F/L452R/N501Y
A.28,H655Y/N501T
A.29,A163X/C166X/D178X/E154X/E156X/E169X/E180X/E191X/F157X/F168X/F175X/F186X/F192X/F194X/F565L/G181X/G184X/H655Y/K182X/K187X/L176X/L179X/L189X/M153X/M177X/N164X/N165X/N185X/N188X/N501Y/P174X/Q173X/Q183X/R158X/R190X/S151X/S155X/S161X/S162X/S172X/T167X/V159X/V171X/V193X/W152X/Y160X/Y170X/Y449H
A.5,
AA.1,A222V/A879V/D614G
AA.2,A222V/D614G
AA.3,A222V/D614G
AA.4,A222V/D614G
AA.5,A222V/D614G
AA.6,A222V/D614G
AA.7,A222V/D614G
AA.8,A222V/D614G
AC.1,D614G
AD.2,D614G
AE.1,D614G
AE.5,D614G/H655Y
AH.3,A352S/D614G/G842S/L5F/V3G
AK.1,D614G/V1122L
AM.1,D614G/G1251V/G75V
AM.2,D614G
AM.3,D614G
AN.1,D614G
AP.1,D614G/N501Y
AS.1,D614G/L54F
AS.2,A522S/D614G/D936H/Q675R
AT.1,A163X/C166X/D178X/D198X/D215G/D614G/E154X/E156X/E169X/E180X/E191X/E484K/E780K/F157X/F168X/F175X/F186X/F192X/F194X/F201X/G181X/G184X/G199X/H207X/H245P/I197X/I203X/I210X/K182X/K187X/K195X/K202X/K206X/L176X/L179X/L189X/M153X/M177X/N164X/N165X/N185X/N188X/N196X/N679KGIAL/P174X/P209X/P9L/Q173X/Q183X/R158X/R190X/S151X/S155X/S161X/S162X/S172X/S205X/T167X/T208X/V159X/V171X/V193X/W152X/Y160X/Y170X/Y200X/Y204X
AV.1,D1139H/D614G/D80G/E484K/G142D/I1130V/N439K/P681H/T95I
AY.1,D614G/D950N/K417N/L452R/P681R/T19R/T478K/T95I/W258L
AY.10,A222V/D614G/D950N/L452R/P681R/T19R/T478K
AY.100,D614G/D950N/L452R/P681R/T19R/T478K/T95I
AY.101,D614G/D950N/L452R/P681R/T19R/T478K
AY.102,D614G/D950N/L452R/P681R/T19R/T478K/T95I
AY.103,D614G/D950N/L452R/P681R/T19R/T478K
AY.103.1,D614G/E156X/F157X/G142D/L452R/P681R/R158X/T19R/T29A/T478K
AY.104,D614G/D950N/L452R/P681R/T19R/T478K
AY.105,A123X/A67X/A93X/C131X/C136X/D111X/D138X/D53X/D614G/D80X/D88X/D950N/E132X/E96X/F106X/F133X/F135X/F140X/F55X/F58X/F59X/F65X/F79X/F86X/F92X/G103X/G107X/G142X/G72X/G75X/G89X/H66X/H69X/I100X/I101X/I105X/I119X/I128X/I68X/K113X/K129X/K77X/K97X/L110X/L117X/L118X/L141X/L452R/L54X/L56X/L84X/N121X/N122X/N125X/N137X/N61X/N74X/N81X/N87X/N99X/P1140X/P139X/P57X/P681R/P82X/P85X/Q115X/Q134X/Q52X/R102X/R78X/S112X/S116X/S60X/S71X/S94X/S98X/T108X/T109X/T114X/T124X/T19R/T478K/T63X/T73X/T76X/T95X/V120X/V126X/V127X/V130X/V143X/V62X/V70X/V83X/V90X/W104X/W64X/Y91X
AY.106,D614G/D950N/L452R/P681R/S255F/T19R/T478K
AY.107,D614G/D950N/H1101Y/L452R/P681R/T19R/T478K
AY.108,D614G/D950N/L452R/P681R/T19R/T478K/T95I
AY.109,D614G/D950N/G142D/L452R/P681R/T19R/T478K/T95I
AY.11,A222V/D614G/D950N/L452R/P681R/T19R/T478K
AY.110,D614G/D950N/L452R/P681R/T19R/T478K
AY.111,D614G/D950N/G142D/L452R/P681R/T19R/T478K/T95I
AY.112,D614G/D950N/L452R/P681R/T19R/T478K
AY.112.1,D614G/D950N/G142X/L452R/P681R/T19R/T478K
AY.112.2,D614G/D950N/E484Q/G142D/L452R/P681R/T19R/T478K/T95I
AY.113,D614G/D950N/L452R/P681R/T19R/T478K
AY.114,D614G/D950N/L452R/P681R/T19R/T478K
AY.116,D614G/D950N/L452R/P681R/T19R/T478K
AY.116.1,D614G/D950N/L452R/P681R/T19R/T478K/T95I
AY.117,D614G/D950N/L452R/P681R/T19R/T478K/T95I
AY.118,D614G/D950N/G142D/L452R/P681R/T19R/T478K/T95I
AY.119,D614G/D950N/L452R/P681R/T19R/T478K/T95I
AY.119.1,A222V/D614G/D950N/G142D/I834T/L452R/P681R/T19R/T478K/T95I
AY.119.2,D614G/D950N/L452R/P681R/Q675H/T19R/T478K
AY.12,D614G/D950N/G142X/L452R/P681R/T19R/T478K
AY.120,D614G/D950N/L452R/P681R/T19R/T478K/T95I
AY.120.1,D614G/D950N/G142D/L452R/P681R/T19R/T478K/T95I
AY.120.2,A123X/A67X/A93X/C131X/C136X/D111X/D138X/D53X/D614G/D80X/D88X/D950N/E132X/E96X/F106X/F133X/F135X/F140X/F55X/F58X/F59X/F65X/F79X/F86X/F92X/G103X/G107X/G142X/G72X/G75X/G89X/H66X/H69X/I100X/I101X/I105X/I119X/I128X/I68X/K113X/K129X/K77X/K97X/L110X/L117X/L118X/L141X/L452R/L54X/L56X/L84X/N121X/N122X/N125X/N137X/N61X/N74X/N81X/N87X/N99X/P1140X/P139X/P57X/P681R/P82X/P85X/Q115X/Q134X/Q52X/R102X/R78X/S112X/S116X/S60X/S71X/S94X/S98X/T108X/T109X/T114X/T124X/T478K/T63X/T73X/T76X/T95X/V120X/V126X/V127X/V130X/V143X/V62X/V70X/V83X/V90X/W104X/W64X/Y91X
AY.120.2.1,D614G/D950N/H66Y/L452R/P681R/T19R/T478K/T95I
AY.121,D614G/D950N/G142D/L452R/P681R/T19R/T478K/T95I
AY.121.1,D614G/D950N/G142D/L452R/P681R/T19R/T29I/T478K/T95I
AY.122,D614G/D950N/L452R/P681R/T19R/T478K
AY.122.1,D614G/D950N/F79X/F86X/F92X/G142D/G89X/L452R/N81X/N87X/P681R/T19R/T478K/T791I/V90X/Y91X
AY.122.2,A411S/D614G/D950N/G142D/L452R/P681R/T19R/T478K
AY.122.4,D614G/D950N/G142D/L452R/P681R/T19R/T478K
AY.122.6,D614G/D950N/E484A/G142D/G181V/L452R/P681R/T19R/T478K
AY.123,D614G/D950N/G142D/L452R/P1263L/P681R/T19R/T478K/T95I
AY.123.1,D614G/D950N/G142D/L452R/P1263L/P681R/T19R/T478K/T95I
AY.124,D614G/D950N/G142D/L452R/P681R/T19R/T478K/T95I
AY.124.1,D614G/D950N/L452R/P681R/T19R/T478K/T95I
AY.124.1.1,D614G/D950N/G142D/L452R/P681R/T19R/T478K/T95I
AY.125,D614G/D950N/L452R/P681R/T19R/T478K/T95I
AY.126,D614G/D950N/L452R/P681R/T19R/T478K
AY.127,D614G/D950N/G142D/L452R/P681R/T19R/T478K/T95I
AY.127.1,D614G/D950N/L452R/P681R/T19R/T478K/T859N
AY.128,D614G/D950N/G142D/L452R/P681R/T19R/T478K/T95I
AY.129,D614G/D950N/L452R/P681R/T19R/T478K/T95I
AY.13,D614G/L452R/P681R/T19R/T478K
AY.131,D614G/D950N/G446V/L452R/P681R/T19R/T478K
AY.132,D614G/D950N/L452R/P681R/T19R/T478K/T95I
AY.133,A222V/D614G/D950N/G142D/L18F/L452R/N17K/P499R/P681R/T19R/T478K/V1264L
AY.134,D614G/D950N/L452R/P681R/T19R/T478K/T95I
AY.14,D614G/D950N/L452R/P681R/T19R/T478K
AY.16,D614G/D950N/L452R/P681R/T19R/T478K
AY.16.1,D614G/D950N/E156X/F157X/G142D/L452R/P681R/R158X/T19R/T478K
AY.17,A123X/A67X/A93X/C131X/C136X/D111X/D138X/D53X/D614G/D80X/D88X/D950N/E132X/E96X/F106X/F133X/F135X/F140X/F55X/F58X/F59X/F65X/F79X/F86X/F92X/G103X/G107X/G142X/G72X/G75X/G89X/H66X/H69X/I100X/I101X/I105X/I119X/I128X/I68X/K113X/K129X/K77X/K97X/L110X/L117X/L118X/L141X/L54X/L56X/L84X/N121X/N122X/N125X/N137X/N61X/N74X/N81X/N87X/N99X/P139X/P57X/P681R/P82X/P85X/Q115X/Q134X/Q52X/R102X/R78X/S112X/S116X/S60X/S71X/S94X/S98X/T108X/T109X/T114X/T124X/T19R/T478K/T63X/T73X/T76X/T95X/V120X/V126X/V127X/V130X/V143X/V62X/V70X/V83X/V90X/W104X/W64X/Y91X
AY.19,D614G/D950B/E156X/F157X/G142X/L452R/P681R/R158X/T19R/T478K
AY.20,D614G/D950N/L452R/P681R/T19R/T478K/V1104L
AY.20.1,D614G/D950N/G142D/L452R/P681R/T19R/T478K/T95I/V1104L
AY.22,D614G/D950N/L452R/P681R/Q218H/T19R/T478K/V1104L
AY.23,D614G/D950N/L452R/P681R/T19R/T478K/V1264L
AY.23.1,D614G/D950N/L452R/P681R/T19R/T478K/V1264L
AY.23.2,D614G/D950N/E156X/E702V/F157X/F79X/G142D/G502X/L452R/N801X/P681R/R158X/T19R/T478K/V1264L/V503X/V90I
AY.24,A222V/D614G/D950N/L452R/P681R/T19R/T478K
AY.25,D614G/D950N/G142D/L452R/P681R/T19R/T478K
AY.25.1,D614G/D950N/G142D/L452R/P681R/T19R/T478K
AY.25.1.2,D614G/D950N/L452R/P681R/T19R/T478K
AY.25.2,D614G/D950N/G142D/L18F/L452R/P681R/S112L/T19R/T478K
AY.25.3,D614G/D950N/F79X/L452R/P681R/T19R/T478K
AY.26,A222V/D614G/D950N/L452R/P681R/T19R/T478K/V1264L
AY.27,A222V/D614G/D950N/L452R/P681R/T19R/T478K
AY.28,A1078S/A222V/A701S/D614G/D950N/L452R/P681R/T19R/T478K
AY.29,D614G/D950N/L452R/P681R/T19R/T478K
AY.29.1,D138X/D614G/D950N/F106X/F135X/F140X/G142X/I105X/L141X/L452R/P139X/P681R/T19R/T478K/V143X
AY.3,D614G/D950N/G142D/L452R/P681R/T19R/T478K
AY.3.1,D614G/D950N/L452R/P681R/T19R/T478K
AY.3.3,D614G/D950N/G142D/L452R/P681R/Q414R/T19R/T478K/V70I
AY.30,D614G/D950N/L452R/P681R/T19R/T478K
AY.31,D614G/E156X/F157X/G142D/L452R/N801X/P681R/R158X/S640P/T19R/T478K/V1104L
AY.32,D614G/D950N/G142D/L452R/P681R/T19R/T478K/T572I
AY.33,D614G/D950N/L452R/P681R/T19R/T250I/T29A/T478K
AY.33.1,A123X/A67X/A93X/C131X/C136X/D111X/D138X/D53X/D614G/D80X/D88X/D950N/E132X/E96X/F106X/F133X/F135X/F140X/F55X/F58X/F59X/F65X/F79X/F86X/F92X/G103X/G107X/G142X/G72X/G75X/G89X/H66X/H69X/I100X/I101X/I105X/I119X/I128X/I68X/K113X/K129X/K77X/K97X/L110X/L117X/L118X/L141X/L54X/L56X/L84X/N121X/N122X/N125X/N137X/N61X/N74X/N81X/N87X/N99X/P139X/P57X/P681R/P82X/P85X/Q115X/Q134X/Q52X/R102X/R78X/S112X/S116X/S60X/S71X/S94X/S98X/T108X/T109X/T114X/T124X/T19R/T63X/T73X/T76X/T95X/V120X/V126X/V127X/V130X/V143X/V62X/V70X/V83X/V90X/W104X/W64X/Y91X
AY.33.2,D614G/D950N/G142D/L452R/P681R/R346K/T19R/T250I/T29A/T478K
AY.34,D614G/D950N/G142D/L452R/P681R/Q677H/T19R/T478K/T95I
AY.34.1,D614G/D950N/G142D/L1265F/L452R/P681R/Q677H/T19R/T478K/T95I
AY.34.2,D614G/D950N/G142D/L452R/P681R/Q677H/T19R/T478K/T859I/T95I
AY.35,D614G/D950N/L452R/P681R/T19R/T478K
AY.36,D614G/D950N/L452R/P681R/T19R/T478K/T95I/V1104L
AY.36.1,D614G/D950N/G142D/L452R/P681R/T19R/T478K/T95I/V1104L
AY.37,A222V/D614G/D950N/L452R/P681R/T19R/T478K
AY.38,A222V/D614G/D950N/L452R/P681R/T19R/T478K
AY.39,A123X/A67X/A93X/C131X/C136X/D111X/D138X/D53X/D614G/D80X/D88X/D950N/E132X/E96X/F106X/F133X/F135X/F140X/F55X/F58X/F59X/F65X/F79X/F86X/F92X/G103X/G107X/G142X/G72X/G75X/G89X/H66X/H69X/I100X/I101X/I105X/I119X/I128X/I68X/K113X/K129X/K77X/K97X/L110X/L117X/L118X/L141X/L452R/L54X/L56X/L84X/N121X/N122X/N125X/N137X/N61X/N74X/N81X/N87X/N99X/P139X/P57X/P681R/P82X/P85X/Q115X/Q134X/Q52X/R102X/R78X/S112X/S116X/S60X/S71X/S94X/S98X/T108X/T109X/T114X/T124X/T19R/T478K/T63X/T73X/T76X/T95X/V120X/V126X/V127X/V130X/V143X/V62X/V70X/V83X/V90X/W104X/W64X/Y91X
AY.39.1,D614G/D950N/G142D/L452R/P681R/T19R/T478K/T95I
AY.39.1.2,D614G/D950N/L452R/P681R/T19R/T478K
AY.39.1.4,D614G/D950N/G142D/L452R/P681R/T19R/T478K/T95I
AY.39.2,D614G/D950N/G142D/K1073N/L452R/P681R/T19R/T478K/T95I
AY.4,D614G/D950N/G142D/L452R/P681R/T19R/T478K/T95I
AY.4.1,D614G/D950N/G446V/L452R/P681R/T19R/T478K
AY.4.10,D614G/D950N/G142D/L452R/P681R/P812S/T19R/T478K/T95I
AY.4.11,D614G/D950N/G142D/L452R/P681R/T19R/T478K/T95I
AY.4.12,D614G/D950N/G142D/L452R/P681R/T19R/T478K/T95I
AY.4.13,D614G/D950N/L452R/P681R/T19R/T478K
AY.4.14,A1078S/D614G/D950N/L452R/P681R/T19R/T478K/T95I
AY.4.15,A1078S/D614G/D950N/G142D/L452R/P681R/T19R/T478K/T95I
AY.4.16,D614G/D950N/L452R/P681R/T19R/T478K/T95I
AY.4.17,D614G/D950N/L452R/P681R/T19R/T478K
AY.4.2,A222V/D614G/D950N/G142D/L452R/P681R/T19R/T478K/T95I/Y145H
AY.4.2.1,A222V/D614G/D950N/G142D/L452R/P681R/T19R/T478K/T95I/V36F/Y145H
AY.4.2.2,A222V/D614G/D950N/G142D/L452R/P681R/T19R/T478K/T95I/V1264L/Y145H
AY.4.2.3,A222V/D614G/D950N/G142D/L452R/P681R/T19R/T478K/T95I/Y145H
AY.4.2.4,D614G/D950N/L452R/P681R/T19R/T478K
AY.4.2.5,A222V/D614G/D950N/G142D/L452R/P681R/Q414K/T19R/T478K/T95I/Y145H
AY.4.3,D614G/D950N/L452R/P26S/P681R/T19R/T478K
AY.4.4,D614G/D950N/G142D/L452R/P681R/S929T/T19R/T478K/T95I
AY.4.5,D1259Y/D614G/D950N/G142D/L452R/P681R/T19R/T478K/T95I
AY.4.6,D614G/D950N/L452R/P681R/T19R/T478K/T95I
AY.4.7,D614G/D950N/L452R/P681R/T19R/T478K
AY.4.8,D614G/D950N/G142D/L452R/P681R/T19R/T478K/T95I
AY.4.9,D614G/D950N/G142D/L452R/P681R/T19R/T478K/T95I
AY.40,A123X/C131X/C136X/D111X/D138X/D614G/E132X/F106X/F133X/F135X/F140X/G107X/G142X/I119X/I128X/K113X/K129X/L110X/L117X/L118X/L141X/L452R/N121X/N122X/N125X/N137X/P139X/P681R/Q115X/Q134X/S112X/S116X/T108X/T109X/T114X/T124X/T19R/V120X/V126X/V127X/V130X/V143X
AY.41,A262S/D614G/D950N/G1167V/L452R/P681R/S477I/T19R/T478K
AY.42,D614G/D950N/L452R/P681R/T19R/T478K/T95I
AY.43,D614G/D950N/G142D/L452R/P681R/T19R/T478K
AY.43.3,D614G/D950N/G142D/L452R/P681R/T19R/T478K
AY.43.4,D614G/D950N/G142D/K356R/L452R/P681R/T19R/T478K
AY.43.5,D614G/D950N/E156X/F157X/G142X/L452R/N501S/P681R/R158X/T19R/T478K
AY.43.6,D614G/D950N/G142D/L452R/P681R/T19R/T478K
AY.43.8,D614G/D950N/G142D/L452R/P681R/T19R/T478K
AY.43.9,D614G/D950N/L452R/P681R/T19R/T478K
AY.44,D614G/D950N/L452R/P681R/T19R/T478K
AY.45,D614G/D950N/L452R/P681R/T19R/T478K
AY.46,D614G/D950N/G142D/L452R/P681R/T19R/T478K
AY.46.1,D614G/D950N/G142D/L452R/P681R/T19R/T478K
AY.46.2,D614G/D950N/G142D/L452R/P681R/T19R/T478K
AY.46.3,D614G/G142X/P681R/T19R
AY.46.4,D614G/D950N/E661D/L452R/P681R/T19R/T478K
AY.46.5,D614G/D950N/G142D/L452R/P681R/T19R/T478K
AY.46.6,D614G/D950N/G142D/L452R/P681R/T19R/T478K
AY.46.6.1,D614G/D950N/L452R/P681R/T19R/T478K
AY.47,A222V/D614G/D950N/L452R/P681R/T19R/T478K/V289I
AY.48,A123X/A67X/A93X/C131X/C136X/D111X/D138X/D53X/D614G/D80X/D88X/D950N/E132X/E96X/F106X/F133X/F135X/F140X/F55X/F58X/F59X/F65X/F79X/F86X/F92X/G103X/G107X/G142X/G72X/G75X/G89X/H66X/H69X/I100X/I101X/I105X/I119X/I128X/I68X/K113X/K129X/K77X/K97X/L110X/L117X/L118X/L141X/L452R/L54X/L56X/L84X/N121X/N122X/N125X/N137X/N61X/N74X/N81X/N87X/N99X/P139X/P57X/P681R/P82X/P85X/Q115X/Q134X/Q52X/R102X/R78X/S112X/S116X/S60X/S71X/S94X/S98X/T108X/T109X/T114X/T124X/T19R/T478K/T63X/T73X/T76X/T95X/V120X/V126X/V127X/V130X/V143X/V62X/V70X/V83X/V90X/W104X/W64X/Y91X
AY.5,D614G/D950N/L452R/P681R/T19R/T478K
AY.5.1,D614G/D950N/L452R/P681R/T19R/T478K
AY.5.2,D614G/D950N/G142D/L452R/P681R/T19R/T478K
AY.5.3,D614G/D950N/L452R/P681R/T19R/T478K
AY.5.4,D614G/D950N/G142D/L452R/P681R/T19R/T478K
AY.5.5,D614G/D950N/L452R/P681R/T19R/T478K
AY.5.6,D614G/D950N/L452R/P681R/T19R/T478K
AY.50,D614G/D950N/P681R/T19R
AY.51,D614G/D950N/L452R/P681R/T19R/T478K
AY.52,D614G/D950B/E156X/F157X/G142X/L1141W/L452R/P681R/R158X/T19R/T478K
AY.53,A27S/D614G/D950N/L452R/P681R/T19R/T478K
AY.54,A123X/C131X/C136X/D111X/D138X/D614G/D950N/E132X/F106X/F133X/F135X/F140X/G107X/G142X/I119X/I128X/K113X/K129X/L110X/L117X/L118X/L452R/N121X/N122X/N125X/N137X/P139X/P681R/Q115X/Q134X/S112X/S116X/T108X/T109X/T114X/T124X/T19R/T478K/V120X/V126X/V127X/V130X
AY.55,A222V/D614G/D950N/L452R/P681R/T19R/T478K
AY.56,A123X/A163X/A222X/A243X/A27X/A67X/A93X/C131X/C136X/C15X/C166X/D111X/D138X/D178X/D198X/D215X/D228X/D40X/D53X/D614G/D80X/D88X/D950N/E132X/E154X/E156X/E169X/E180X/E191X/E224X/E96X/F106X/F133X/F135X/F140X/F157X/F168X/F175X/F186X/F192X/F194X/F201X/F220X/F238X/F2X/F32X/F43X/F4X/F55X/F58X/F59X/F65X/F79X/F86X/F92X/G103X/G107X/G1099V/G142X/G181X/G184X/G199X/G219X/G232X/G35X/G72X/G75X/G89X/H146X/H207X/H49X/H66X/H69X/I100X/I101X/I105X/I119X/I128X/I197X/I203X/I210X/I231X/I233X/I235X/I68X/K113X/K129X/K147X/K150X/K182X/K187X/K195X/K202X/K206X/K41X/K77X/K97X/L10X/L110X/L117X/L118X/L141X/L176X/L179X/L189X/L18X/L212X/L216X/L223X/L226X/L229X/L241X/L242X/L24X/L452R/L48X/L54X/L56X/L5X/L7X/L84X/L8X/M153X/M177X/M1X/N121X/N122X/N125X/N137X/N148X/N149X/N164X/N165X/N17X/N185X/N188X/N196X/N211X/N234X/N30X/N61X/N74X/N81X/N87X/N99X/P139X/P174X/P209X/P217X/P225X/P230X/P25X/P26X/P39X/P57X/P681R/P82X/P85X/P9X/Q115X/Q134X/Q14X/Q173X/Q183X/Q218X/Q239X/Q23X/Q52X/R102X/R158X/R190X/R214X/R21X/R237X/R34X/R44X/R78X/S112X/S116X/S12X/S13X/S151X/S155X/S161X/S162X/S172X/S205X/S221X/S31X/S45X/S46X/S50X/S60X/S71X/S94X/S98X/T108X/T109X/T114X/T124X/T167X/T19X/T208X/T20X/T22X/T236X/T240X/T29X/T33X/T478K/T51X/T63X/T73X/T76X/T95X/V11X/V120X/V126X/V127X/V130X/V143X/V159X/V16X/V171X/V193X/V213X/V227X/V36X/V3X/V42X/V47X/V62X/V6X/V70X/V83X/V90X/W104X/W152X/W64X/Y144X/Y145X/Y160X/Y170X/Y200X/Y204X/Y28X/Y37X/Y38X/Y91X
AY.57,D614G
AY.58,A222V/D614G/D950N/L452R/P681R/T19R/T478K
AY.59,A222V/D614G/D950N/L452R/P681R/T19R/T478K
AY.6,D614G/D950N/L452R/P681R/T19R/T478K
AY.60,A222V/D614G/D950N/L452R/P681R/T19R/T478K
AY.61,A222V/D614G/D950N/G142D/L452R/P681R/T19R/T478K
AY.63,A222V/D614G/D950N/L452R/P681R/T19R/T478K
AY.65,A222V/D614G/D950N/L452R/P681R/T19R/T478K/V1264L
AY.66,A222V/D614G/D950N/L452R/P681R/T19R/T478K
AY.68,A222V/D253A/D614G/D950N/D979E/L452R/P681R/T19R/T478K
AY.69,A222V/D614G/D950N/G142D/L452R/P681R/T19R/T478K
AY.7,D614G/D950N/L452R/P681R/T19R/T478K
AY.7.1,D614G/D950N/G142D/L452R/P681R/T19R/T478K
AY.7.2,D614G/D950N/L452R/P681R/T19R/T478K
AY.70,A222V/D614G/D950N/L452R/P681R/R21T/T19R/T478K
AY.71,A222V/D614G/D950N/L452R/P681R/S1252F/T19R/T478K
AY.72,A222V/D614G/D950N/L452R/P681R/T19R/T478K
AY.73,A222V/D614G/D950N/L452R/P681R/T19R/T478K
AY.74,D614G/D950N/G142X/H655Y/L452R/P681R/T19R/T478K
AY.75,D614G/D950N/L452R/P681R/T19R/T478K
AY.75.2,A222V/D614G/D950N/G142D/L452R/P681R/T19R/T478K
AY.76,D614G/D950N/G142X/P681R/T19R
AY.77,A123X/A67X/C131X/C136X/D111X/D138X/D53X/D614G/D80X/D88X/D950N/E132X/F106X/F133X/F135X/F140X/F55X/F58X/F59X/F65X/F79X/F86X/F92X/G107X/G142X/G72X/G75X/G89X/H66X/H69X/I119X/I128X/I68X/K113X/K129X/K77X/L110X/L117X/L118X/L141X/L452R/L54X/L56X/L84X/N121X/N122X/N125X/N137X/N61X/N74X/N81X/N87X/P139X/P57X/P681R/P82X/P85X/Q115X/Q134X/Q52X/R78X/S112X/S116X/S60X/S71X/T108X/T109X/T114X/T124X/T19R/T478K/T63X/T73X/T76X/V120X/V126X/V127X/V130X/V143X/V62X/V70X/V83X/V90X/W64X/Y91X
AY.78,D614G/D950N/L452R/P681R/T19R/T478K
AY.79,D614G/D950N/L452R/P681R/T19R/T478K
AY.8,D614G/D950N/L452R/P681R/T19R/T478K
AY.80,D614G/D950N/L452R/P681R/R21T/T19R/T478K
AY.81,A123X/A67X/A93X/C131X/C136X/D111X/D138X/D53X/D614G/D80X/D88X/D950N/E132X/E96X/F106X/F133X/F135X/F140X/F55X/F58X/F59X/F65X/F79X/F86X/F92X/G103X/G107X/G142X/G72X/G75X/G89X/H66X/H69X/I100X/I101X/I105X/I119X/I128X/I68X/K113X/K129X/K77X/K97X/L110X/L117X/L118X/L141X/L452R/L54X/L56X/L84X/N121X/N122X/N125X/N137X/N61X/N74X/N81X/N87X/N99X/P139X/P57X/P681R/P82X/P85X/Q115X/Q134X/Q52X/R102X/R78X/S112X/S116X/S60X/S71X/S94X/S98X/T108X/T109X/T114X/T124X/T19R/T478K/T63X/T73X/T76X/T95X/V120X/V126X/V127X/V130X/V143X/V62X/V70X/V83X/V90X/W104X/W64X/Y91X
AY.82,D614G/D950N/F79X/L452R/P681R/T19R/T478K
AY.83,A123X/A67X/A93X/C131X/C136X/D111X/D138X/D53X/D614G/D80X/D88X/D950N/E132X/E96X/F106X/F133X/F135X/F140X/F55X/F58X/F59X/F65X/F79X/F86X/F92X/G103X/G107X/G142X/G72X/G75X/G89X/H66X/H69X/I100X/I101X/I105X/I119X/I128X/I68X/K113X/K129X/K77X/K97X/L110X/L117X/L118X/L141X/L452R/L54X/L56X/L84X/N121X/N122X/N125X/N137X/N61X/N74X/N81X/N87X/N99X/P139X/P57X/P681R/P82X/P85X/Q115X/Q134X/Q52X/R102X/R78X/S112X/S116X/S60X/S71X/S94X/S98X/T108X/T109X/T114X/T124X/T19R/T478K/T63X/T73X/T76X/T95X/V120X/V126X/V127X/V130X/V143X/V62X/V70X/V83X/V90X/W104X/W64X/Y91X
AY.84,D614G/D950N/L452R/P681R/T19R/T478K
AY.85,D614G/D950N/L452R/P681R/T19R/T478K/T95I
AY.86,D614G/P681R/T19R
AY.87,D614G/D950N/L452R/P681R/T19R/T478K
AY.88,D614G/D950N/L452R/P681R/T19R/T478K
AY.9,A222V/D614G/D950N/L452R/P681R/T19R/T478K
AY.9.2,A222V/D614G/D950N/L452R/P681R/T19R/T478K
AY.9.2.2,A222V/D614G/D950N/G142D/G181V/L452R/P681R/Q675K/T19R/T478K
AY.90,D614G/D950N/G142D/L452R/P681R/T19R/T478K
AY.91,D614G/D950N/L452R/P681R/T19R/T478K
AY.91.1,A123X/A67X/A93X/C131X/C136X/D111X/D138X/D53X/D614G/D80X/D88X/D950N/E132X/E96X/F106X/F133X/F135X/F140X/F55X/F58X/F59X/F65X/F79X/F86X/F92X/G103X/G107X/G142X/G72X/G75X/G89X/H66X/H69X/I100X/I101X/I105X/I119X/I128X/I68X/K113X/K129X/K77X/K97X/L110X/L117X/L118X/L141X/L452R/L54X/L56X/L84X/N121X/N122X/N125X/N137X/N61X/N74X/N81X/N87X/N99X/P139X/P57X/P681R/P82X/P85X/Q115X/Q134X/Q52X/R102X/R78X/S112X/S116X/S60X/S71X/S94X/S98X/T108X/T109X/T114X/T124X/T19R/T478K/T63X/T73X/T76X/T95X/V120X/V126X/V127X/V130X/V143X/V62X/V70X/V83X/V90X/W104X/W64X/Y91X
AY.92,D614G/D950N/L452R/P681R/T19R/T478K
AY.93,A123X/A67X/A93X/C131X/C136X/D111X/D138X/D53X/D614G/D80X/D88X/E132X/E96X/F106X/F133X/F135X/F140X/F55X/F58X/F59X/F65X/F79X/F86X/F92X/G103X/G107X/G142X/G72X/G75X/G89X/H66X/H69X/I100X/I101X/I105X/I119X/I128X/I68X/K113X/K129X/K77X/K97X/L110X/L117X/L118X/L141X/L452R/L54X/L56X/L84X/N121X/N122X/N125X/N137X/N61X/N74X/N81X/N87X/N99X/P139X/P57X/P681R/P82X/P85X/Q115X/Q134X/Q52X/R102X/R78X/S112X/S116X/S60X/S71X/S94X/S98X/T108X/T109X/T114X/T124X/T19R/T63X/T73X/T76X/T95X/V120X/V126X/V127X/V130X/V143X/V62X/V70X/V83X/V90X/W104X/W64X/Y91X
AY.94,D614G/D950N/L452R/P681R/T19R/T478K
AY.95,D614G/D950N/L244S/L452R/P681R/T19R/T478K/T572I
AY.98,D614G/D950N/G142D/L452R/P681R/T19R/T478K
AY.98.1,D614G/D950N/L452R/P251L/P681R/T19R/T478K
AY.98.1.1,D614G/D950N/G142D/L18F/L452R/P251L/P681R/T19R/T478K
AY.99,D614G/D950N/L452R/P681R/T19R/T478K
AY.99.1,D614G/D950N/L452R/P681R/T19R/T478K
AY.99.2,D614G/D950N/G142D/L452R/P681R/T19R/T478K
AZ.1,D614G/D796H/E484K/P681H/T95I
AZ.2,D614G/D796H/E484K/P681H/T95I
AZ.4,D614G/D796H/E484K/P681H/T95I
AZ.5,D614G/D796H/D80Y/E484K/P681H/T95I/W258L
B,
B.1,D614G
B.1.1,D614G
B.1.1.1,D614G
B.1.1.10,D614G
B.1.1.101,D614G/V687I
B.1.1.107,D614G
B.1.1.109,D614G
B.1.1.111,D614G
B.1.1.114,D614G
B.1.1.115,D614G
B.1.1.117,D614G
B.1.1.119,D614G
B.1.1.12,D614G
B.1.1.120,D614G/F565L
B.1.1.121,D614G
B.1.1.122,D614G/T20I
B.1.1.123,D614G/G769V
B.1.1.125,D614G
B.1.1.128,D614G
B.1.1.129,D138X/D614G/G757X/L754X/M153T/Q755X/Y756X
B.1.1.13,D614G
B.1.1.130,D614G
B.1.1.132,D614G
B.1.1.133,D614G
B.1.1.134,D614G
B.1.1.136,D614G/N501Y
B.1.1.137,D614G
B.1.1.138,D614G
B.1.1.14,D614G
B.1.1.141,D614G/M153T
B.1.1.144,D614G/S477N
B.1.1.145,D614G
B.1.1.147,D614G/N185S
B.1.1.148,D614G/R847K
B.1.1.149,D614G/R21I
B.1.1.15,D614G
B.1.1.153,D614G
B.1.1.154,D614G
B.1.1.155,D614G
B.1.1.159,D614G
B.1.1.16,A892S/D614G/T73I
B.1.1.160,D614G
B.1.1.161,
B.1.1.163,D614G
B.1.1.164,D614G
B.1.1.165,D614G
B.1.1.166,D614G
B.1.1.168,D614G/M177I
B.1.1.170,D614G
B.1.1.171,D614G
B.1.1.174,D614G
B.1.1.178,D614G
B.1.1.182,D614G
B.1.1.187,D614G
B.1.1.189,D614G
B.1.1.190,D614G
B.1.1.192,D614G
B.1.1.193,D614G/L938F
B.1.1.194,D614G/K1073N
B.1.1.196,D198G/D614G
B.1.1.197,D614G
B.1.1.198,D614G
B.1.1.200,D614G
B.1.1.201,D614G
B.1.1.203,D614G
B.1.1.204,D614G
B.1.1.208,D614G
B.1.1.209,D614G
B.1.1.213,D614G
B.1.1.216,D614G
B.1.1.217,D614G
B.1.1.218,D614G
B.1.1.219,D614G/F157L
B.1.1.220,D614G
B.1.1.221,D614G
B.1.1.222,D614G/T732A
B.1.1.227,D614G
B.1.1.228,D614G
B.1.1.232,D614G
B.1.1.234,D614G/M153I/S691A
B.1.1.236,D614G
B.1.1.237,D614G/R21I
B.1.1.240,C1250F/D614G/K1073N
B.1.1.241,D614G/L5F/V3G
B.1.1.242,D614G
B.1.1.243,D614G
B.1.1.249,D614G/P251L
B.1.1.25,D614G
B.1.1.253,D614G
B.1.1.254,D614G
B.1.1.255,D614G
B.1.1.256,D614G
B.1.1.257,D614G
B.1.1.262,D614G
B.1.1.263,D614G
B.1.1.266,D614G/L5F/M1229I/S459Y
B.1.1.269,D1084Y/D614G
B.1.1.27,A570V/D614G/S813I
B.1.1.270,D614G
B.1.1.272,A520S/D614G
B.1.1.274,D614G
B.1.1.275,D614G
B.1.1.277,A626S/D614G
B.1.1.279,D614G/R21I
B.1.1.28,D614G/V1176F
B.1.1.280,D614G/M153T
B.1.1.286,D614G
B.1.1.288,D614G
B.1.1.289,D614G
B.1.1.29,D614G
B.1.1.291,D614G
B.1.1.294,D614G
B.1.1.296,D614G
B.1.1.297,D614G
B.1.1.298,A845S/D614G/F490S/Y453F
B.1.1.299,D614G/T549A
B.1.1.3,D614G/T478I
B.1.1.300,D614G
B.1.1.301,D614G
B.1.1.302,D614G/V1122L
B.1.1.303,A688V/D614G
B.1.1.305,D614G
B.1.1.306,D614G
B.1.1.307,D614G
B.1.1.308,D614G
B.1.1.309,D614G
B.1.1.310,D614G
B.1.1.311,D614G
B.1.1.312,A1020S/A871X/A876X/A879X/A890X/A892X/A893X/A899X/A924X/A930X/D614G/D867X/D936X/E868X/E918X/F888X/F898X/F927X/G880X/G885X/G889X/G891X/G932X/I870X/I882X/I896X/I923X/I931X/I934X/K77R/K921X/K933X/L864X/L865X/L877X/L878X/L894X/L916X/L922X/M869X/M900X/M902X/N914X/N919X/N925X/N928X/P862X/P863X/P897X/Q872X/Q895X/Q901X/Q913X/Q920X/Q926X/Q935X/Q957L/S875X/S884X/S929X/S937X/T866X/T874X/T881X/T883X/T887X/V915X/W886X/Y873X/Y917X
B.1.1.315,D614G
B.1.1.317,D614G
B.1.1.318,D614G/D796H/E484K/P681H/T95I
B.1.1.319,D1084Y/D614G
B.1.1.323,D614G
B.1.1.325,D215Y/D614G
B.1.1.326,D614G
B.1.1.329,D1118Y/D614G
B.1.1.33,D614G
B.1.1.333,A163X/A222X/A243X/C166X/D138Y/D178X/D198X/D215X/D228X/D614G/E154X/E156X/E169X/E180X/E191X/E224X/F157X/F168X/F175X/F186X/F192X/F194X/F201X/F220X/F238X/G181X/G184X/G199X/G219X/G232X/H207X/I197X/I203X/I210X/I231X/I233X/I235X/K182X/K187X/K195X/K202X/K206X/L176X/L179X/L189X/L212X/L216X/L223X/L226X/L229X/L241X/L242X/L54F/M153X/M177X/N164X/N165X/N185X/N188X/N196X/N211X/N234X/P174X/P209X/P217X/P225X/P230X/Q173X/Q183X/Q218X/Q239X/R158X/R190X/R214X/R237X/S151X/S155X/S161X/S162X/S172X/S205X/S221X/T167X/T208X/T236X/T240X/V159X/V171X/V193X/V213X/V227X/W152X/Y160X/Y170X/Y200X/Y204X
B.1.1.339,D614G/I870V
B.1.1.34,D138Y/D614G/N450K/P681R
B.1.1.341,D178N/D614G/V1104L
B.1.1.347,D614G
B.1.1.348,D614G/G1167A
B.1.1.349,D614G/D839Y/V615I
B.1.1.351,D614G/L54F/P681H
B.1.1.353,A1078T/D215H/D614G/F186S/T323I
B.1.1.354,D138Y/D614G
B.1.1.355,D614G
B.1.1.360,D614G/R21I
B.1.1.361,D614G
B.1.1.363,D614G/R21I/R847K
B.1.1.364,D614G
B.1.1.365,D614G/R21I
B.1.1.369,D614G
B.1.1.37,D614G
B.1.1.370,D614G
B.1.1.371,D614G
B.1.1.372,D614G
B.1.1.373,D614G
B.1.1.374,D614G/L452Q
B.1.1.375,D614G/S477N/S689R
B.1.1.378,D614G
B.1.1.379,D614G/R21I
B.1.1.38,D614G
B.1.1.380,D614G
B.1.1.39,D614G
B.1.1.391,D614G
B.1.1.392,D614G
B.1.1.395,D614G
B.1.1.397,D138Y/D614G/M153T
B.1.1.398,D614G
B.1.1.4,D614G
B.1.1.406,D614G/G1251V
B.1.1.408,D614G
B.1.1.409,D614G
B.1.1.41,D614G
B.1.1.410,D614G
B.1.1.411,D614G
B.1.1.413,D138Y/D614G/S477N
B.1.1.417,D614G/D80Y/P812L
B.1.1.419,D614G
B.1.1.420,D614G/L18F/N440K
B.1.1.421,D614G/G769V/V1104I
B.1.1.425,D614G/D867G/V62I
B.1.1.43,D614G
B.1.1.433,D614G/S477R/S673T
B.1.1.434,D614G
B.1.1.438,D614G
B.1.1.44,D614G
B.1.1.442,D614G
B.1.1.447,D614G
B.1.1.45,D614G
B.1.1.46,D614G
B.1.1.462,D614G/E583D
B.1.1.47,D614G
B.1.1.48,D614G
B.1.1.482,D614G
B.1.1.485,D614G
B.1.1.487,D614G/L452R/T22I
B.1.1.49,D614G
B.1.1.5,D614G
B.1.1.50,D614G
B.1.1.500,D614G
B.1.1.51,D614G
B.1.1.519,D614G/P681H/T478K/T732A
B.1.1.521,D614G
B.1.1.523,D614G/D839V/E484K/E780A/F306L/S494P/T1027I
B.1.1.525,D614G/E484K/H655Y
B.1.1.529,A67V/D614G/L981F/N679K/N856K/N969K/P681H/Q954H/T95I
B.1.1.54,D614G
B.1.1.55,D614G/L5F/Q1208H/S1252P
B.1.1.58,D614G
B.1.1.59,D614G
B.1.1.63,D614G/S12F
B.1.1.67,D614G/T29I
B.1.1.7,A570D/D1118H/D614G/N501Y/P681H/S982A/T716I
B.1.1.70,D614G
B.1.1.71,D614G
B.1.1.74,D614G
B.1.1.75,A846V/D614G
B.1.1.8,D614G
B.1.1.82,D614G
B.1.1.83,D614G
B.1.1.84,A260X/A262X/A263X/A264X/A27X/A288X/A292X/A653V/C15X/C291X/C301X/D287X/D290X/D294X/D614G/E281X/E298X/E309X/F275X/F2X/F306X/F318X/F32X/F4X/G261X/G268X/G283X/G311X/G35X/I285X/I312X/K278X/K300X/K304X/K310X/L10X/L18X/L24X/L270X/L276X/L277X/L293X/L296X/L303X/L5X/L7X/L8X/M1X/N17X/N280X/N282X/N30X/N317X/N501X/P25X/P26X/P272X/P295X/P9X/Q14X/Q23X/Q271X/Q314X/Q321X/Q52H/R21X/R273X/R319X/R34X/S12X/S13X/S297X/S305X/S316X/S31X/S45P/T19X/T20X/T22X/T274X/T284X/T286X/T299X/T29X/T302X/T307X/T315X/T33X/V11X/V16X/V267X/V289X/V308X/V320X/V3X/V6X/Y265X/Y266X/Y269X/Y279X/Y28X/Y313X
B.1.1.86,D614G
B.1.1.88,D614G
B.1.1.89,D614G
B.1.1.92,D614G
B.1.1.95,D614G
B.1.1.97,D614G/H207R
B.1.1.99,D614G/G1219V
B.1.104,D614G
B.1.105,D614G
B.1.110.2,D614G/P631S
B.1.110.3,D614G
B.1.111,D614G
B.1.115,A706S/D614G
B.1.117,D614G
B.1.12,D614G
B.1.120,D614G
B.1.128,D614G
B.1.13,D614G
B.1.131,D614G
B.1.142,D614G
B.1.143,D614G/N439K
B.1.146,D614G/T299I
B.1.147,D614G
B.1.149,D614G
B.1.151,D614G
B.1.153,D614G
B.1.157,D614G
B.1.160,D614G/S477N
B.1.160.10,D614G/S477N
B.1.160.12,D614G/H69Y/S477N
B.1.160.23,D614G/S477N
B.1.160.26,D614G/S477N
B.1.160.33,D614G/H655Y/S477N
B.1.160.7,D614G/H655Y/S477N
B.1.164,D614G
B.1.165,D614G
B.1.167,D614G
B.1.168,D614G
B.1.170,D614G/D80H
B.1.173,D614G
B.1.177,A222V/D614G/L18F
B.1.177.10,A222V/A262S/D614G
B.1.177.11,A222V/D1163Y/D614G/G1167V
B.1.177.14,A222V/D614G
B.1.177.15,A222V/D614G
B.1.177.16,A222V/D614G
B.1.177.17,A222V/D614G/L176F
B.1.177.18,A222V/D614G/E583D
B.1.177.19,A222V/D614G/E583D
B.1.177.2,A222V/D614G
B.1.177.20,A222V/D614G/E583D
B.1.177.21,A222V/D614G
B.1.177.23,A222V/D614G
B.1.177.24,A222V/D614G
B.1.177.26,A222V/D614G/E583Q
B.1.177.29,A222V/D614G/P1140X
B.1.177.3,A222V/D614G
B.1.177.30,A222V/D614G/D80Y/E583D/N164T
B.1.177.31,D614G
B.1.177.32,A222V/D614G
B.1.177.33,A222V/D614G/G639S
B.1.177.35,A222V/D614G
B.1.177.38,A222V/D614G/K1045N
B.1.177.39,A222V/A260X/A262X/A263X/A264X/A288X/A292X/C291X/C301X/D287X/D290X/D294X/D614G/E281X/E298X/E309X/E324X/F275X/F306X/F318X/G257X/G261X/G268X/G283X/G311X/I285X/I312X/I326X/K278X/K300X/K304X/K310X/L270X/L276X/L277X/L293X/L296X/L303X/N280X/N282X/N317X/P272X/P295X/P322X/Q271X/Q314X/Q321X/R273X/R319X/S255X/S256X/S297X/S305X/S316X/S325X/T259X/T274X/T284X/T286X/T299X/T302X/T307X/T315X/T323X/V267X/V289X/V308X/V320X/V327X/W258X/Y265X/Y266X/Y269X/Y279X/Y313X
B.1.177.4,A222V/D614G
B.1.177.41,A222V/D614G/P1162S
B.1.177.43,A222V/D614G/L18F
B.1.177.44,A222V/D614G
B.1.177.46,A222V/A262S/D614G/G1219V/W1214X
B.1.177.47,A222V/D614G/L18F
B.1.177.48,A222V/D614G/L18F
B.1.177.5,A222V/D614G/L18F
B.1.177.50,A222V/D614G
B.1.177.51,A222V/D614G
B.1.177.52,A222V/D614G/P1162R
B.1.177.53,A222V/D614G
B.1.177.54,A222V/D614G
B.1.177.55,A222V/D614G
B.1.177.56,A222V/D614G
B.1.177.57,A222V/D614G
B.1.177.58,A222V/D614G/L18F
B.1.177.59,A222V/D614G/L18F
B.1.177.6,A222V/D614G/L18F/Q23H
B.1.177.60,A222V/D614G/L18F
B.1.177.63,A222V/D614G/L18F
B.1.177.65,A222V/D614G/L18F
B.1.177.67,A222V/D215H/D614G/L18F
B.1.177.69,A222V/D614G/S929T
B.1.177.7,A222V/D614G/L18F
B.1.177.73,A222V/D614G/Q1071L
B.1.177.74,A222V/D614G
B.1.177.75,A222V/D614G
B.1.177.77,A222V/D614G
B.1.177.8,A222V/D614G/L18F
B.1.177.81,A222V/D614G
B.1.177.82,A222V/A262S/D614G/P272L
B.1.177.83,A222V/A262S/D614G/P272L
B.1.177.84,A222V/A262S/D614G/P272L
B.1.177.85,A222V/C1247F/D614G
B.1.177.86,A222V/D614G/L18F
B.1.177.87,A222V/A262S/D614G/P272L
B.1.177.9,A222V/A262S/D614G/D80Y/N164T
B.1.179,D614G
B.1.180,D614G
B.1.189,D614G/S98F/V687L
B.1.190,D614G
B.1.195,D614G/Q675H/R21I
B.1.198,D614G
B.1.2,D614G
B.1.201,D614G
B.1.208,D614G
B.1.210,D614G
B.1.213,D614G
B.1.214.2,D614G/N450K/Q414K/R214RTDR/T716I
B.1.214.3,D614G/T478K/T716I/T95I
B.1.215,D614G
B.1.218,D614G
B.1.22,D614G
B.1.220,D614G
B.1.221,D614G/S98F
B.1.221.1,D614G/S98F
B.1.221.2,D614G/S98F
B.1.222,D614G/N439K
B.1.223,D614G
B.1.225,D614G
B.1.229,D614G
B.1.23,D614G
B.1.231,D614G
B.1.232,D614G
B.1.234,D614G
B.1.235,D614G
B.1.236,D614G
B.1.238,D614G
B.1.239,D614G/M1229I
B.1.240,D614G
B.1.240.2,D614G
B.1.241,D614G
B.1.243,D614G/P681H
B.1.248,D614G
B.1.249,D614G/G257D
B.1.250,D614G
B.1.251,D614G
B.1.252,D614G
B.1.254,D614G
B.1.256,D614G
B.1.258,D614G/N439K
B.1.258.10,D614G/N439K
B.1.258.11,D614G/N439K/V143F
B.1.258.12,D614G/N439K
B.1.258.14,D614G/N439K
B.1.258.17,A397X/A411X/D398X/D405X/D614G/E406X/F392X/F400X/G404X/I402X/I410X/L189F/N394X/N439K/P412X/Q409X/R403X/R408X/S399X/T393X/V395X/V401X/V407X/V772I/Y396X
B.1.258.2,D614G/N439K
B.1.258.20,D614G/N439K/W1214X
B.1.258.22,A397X/A411X/A419X/A67V/D398X/D405X/D420X/D614G/E406X/F392X/F400X/G404X/G413X/G416X/I402X/I410X/I418X/K417X/N394X/N439K/P412X/Q409X/Q414X/R403X/R408X/S399X/T393X/T415X/V395X/V401X/V407X/Y396X
B.1.258.3,C1253F/D614G/N439K/P25S
B.1.258.4,D614G/G1219V/L189F/N439K/V772I
B.1.258.5,D614G/L189F/N439K/V772I
B.1.258.6,D614G/N439K
B.1.258.7,D614G/N439K
B.1.264,D614G
B.1.277,D614G
B.1.282,D614G
B.1.293,D614G
B.1.298,D614G/R21K
B.1.321,D614G
B.1.324,D614G
B.1.349,D614G
B.1.35,D614G
B.1.350,D614G/G1219C/V687I
B.1.350.1,D614G/G1219C/Q677H
B.1.351,A701V/D215G/D614G/D80A/E484K/K417N/N501Y
B.1.351.2,A701V/D215G/D614G/D80A/E484K/K417N/L18F
B.1.351.3,A262X/A263X/A264X/A288X/A292X/A701V/C291X/D215G/D287X/D290X/D294X/D614G/D80A/E281X/E484K/F275X/G268X/G283X/I285X/K278X/K417N/L18F/L270X/L276X/L277X/L293X/L296X/N280X/N282X/N501Y/P272X/P295X/Q271X/R273X/S297X/T274X/T284X/T286X/V267X/V289X/Y265X/Y266X/Y269X/Y279X
B.1.351.5,A701V/D215G/D614G/D80A/E484K/K417N/L18F/N501Y
B.1.356,D614G
B.1.36,D614G
B.1.36.1,D614G
B.1.36.10,C1250F/D614G
B.1.36.12,D614G/V1068F
B.1.36.16,D614G
B.1.36.17,D614G
B.1.36.18,D614G/G1085A/G75R
B.1.36.2,A771S/D614G/P1263T
B.1.36.20,D614G
B.1.36.21,D614G/L54F
B.1.36.22,D614G
B.1.36.23,A522V/D614G
B.1.36.24,D614G
B.1.36.26,D614G/L54F
B.1.36.28,D614G
B.1.36.29,D614G/N440K
B.1.36.31,A222V/D614G/R102S
B.1.36.33,D614G
B.1.36.34,D614G
B.1.36.35,D614G
B.1.36.37,D614G
B.1.36.38,D614G
B.1.36.39,D614G
B.1.36.7,D614G
B.1.36.8,D614G
B.1.36.9,D614G/T859N
B.1.360,D614G
B.1.362,D614G
B.1.362.1,A684V/D614G
B.1.362.2,D614G
B.1.367,D614G/D80Y
B.1.369,D614G/G1246V
B.1.372,D614G/D936Y
B.1.375,D614G/S477R
B.1.377,D614G
B.1.378,D614G
B.1.379,D614G/R214L
B.1.381,D614G
B.1.383,D614G
B.1.389,D614G/T723I
B.1.39,D614G
B.1.390,D614G
B.1.391,D614G
B.1.395,D614G
B.1.398,D614G/T95I
B.1.40,D614G
B.1.400,D614G/G769V
B.1.406,D1163Y/D614G
B.1.407,D614G
B.1.408,D614G
B.1.409,D614G
B.1.411,D614G/H1159Y
B.1.413,D614G
B.1.416,D614G
B.1.416.1,D614G
B.1.418,D614G
B.1.420,D614G
B.1.427,D614G/L452R/S13I/W152C
B.1.428.2,D614G
B.1.428.3,A1078S/D614G/N481K/S45A
B.1.429,D614G/L452R/S13I/W152C
B.1.431,D614G
B.1.438,D614G
B.1.438.1,D614G/Q675H
B.1.439,D614G
B.1.44,D614G/D936Y
B.1.441,D614G
B.1.446,D614G
B.1.459,D614G
B.1.460,D614G
B.1.462,D614G
B.1.465,A879S/D614G
B.1.466,D614G
B.1.466.1,D614G/N439K
B.1.466.2,D614G/N439K/P681R
B.1.467,D614G
B.1.468,D614G
B.1.469,D614G/P681H
B.1.470,D614G/Q677H
B.1.471,D614G
B.1.474,D614G/D796Y/P681H
B.1.480,D614G/M1229I
B.1.483,D614G
B.1.489,A1020V/D614G/D936Y
B.1.491,D614G/D936Y
B.1.499,D614G
B.1.503,D614G
B.1.504,D614G
B.1.505,D614G
B.1.509,D614G
B.1.520,D614G
B.1.523,D614G
B.1.525,A67V/D614G/E484K/F888L/Q52R/Q677H
B.1.526,A701V/D253G/D614G/L5F/T95I
B.1.527,D614G
B.1.531,D614G/P1162S
B.1.532,D614G
B.1.540,D614G
B.1.549,D614G/G1246S
B.1.551,D614G/P681R/S98F
B.1.557,D614G
B.1.559,D614G
B.1.561,A163X/C166X/D138Y/D178X/D614G/E154X/E156X/E169X/E180X/E191X/F157X/F168X/F175X/F186X/F192X/F194X/G181X/G184X/K182X/K187X/K195X/L176X/L179X/L189X/M153X/M177X/N164X/N165X/N185X/N188X/P174X/Q173X/Q183X/R158X/R190X/S151X/S155X/S161X/S162X/S172X/T167X/V159X/V171X/V193X/W152X/Y160X/Y170X
B.1.562,D614G
B.1.563,D614G
B.1.568,D614G/K1073N
B.1.575,D614G/P681H/S494P/T716I
B.1.575.1,D614G/P681H/S494P/T716I
B.1.577,D614G/K1181X/P1140X
B.1.582,A879V/D614G
B.1.595,D614G
B.1.596,D614G/V1228L
B.1.6,D614G
B.1.600,D614G
B.1.604,D614G/D796X/D950B/E156X/F157X/G142X/G339X/G496X/L212X/L452R/N211X/N501X/N856X/P681R/Q493X/Q498X/Q613H/Q954X/R158X/S371X/S373X/S375X/T19X/T478K/T547X/V143X/V772I/Y144X/Y145X/Y505X
B.1.606,A67X/D614G/D796X/D950B/E484X/G142D/G339X/G496S/H655X/H69X/I68X/L452R/N501Y/N679X/N856X/P681X/Q493R/Q498R/Q954X/S371X/S477X/T19X/T478K/T547K/T95I/V70X/Y505H
B.1.607,D614G/D936Y
B.1.609,D614G
B.1.610,D614G/L18F
B.1.617.1,D614G/E154K/E484Q/G142D/L452R/P681R/Q1071H
B.1.617.2,D614G/D950N/L452R/P681R/T19R/T478K
B.1.617.3,D614G/D950N/E484Q/G142D/L452R/P681R/T19R
B.1.618,D614G/E484K
B.1.619,D614G/D936N/E484K/I210T/N440K/S939F/T1027I
B.1.620,A260X/A262X/A263X/A264X/A288X/A292X/C291X/D1118H/D287X/D290X/D294X/D614G/E281X/E484K/F275X/G257X/G261X/G268X/G283X/I285X/K278X/L270X/L276X/L277X/L293X/L296X/N280X/N282X/P26S/P272X/P295X/P681H/Q271X/R273X/S255X/S256X/S297X/S477N/T1027I/T259X/T274X/T284X/T286X/V126A/V267X/V289X/W258X/Y265X/Y266X/Y269X/Y279X
B.1.621,D614G/D950N/E484K/N501Y/P681H/R346K/T95I
B.1.621.1,D614G/D950N/E484K/N501Y/P681H/R346K/T95I
B.1.621.2,D614G/D950N/E484K/E583D/N501Y/P681H/R346K/T95I/Y449N
B.1.623,D614G/E1111K/E484K/N501Y/P681H/S494P
B.1.625,D614G/D950N/E484K/F157L/N440K/T95I/V1228L
B.1.626,A163X/A222X/A243X/C166X/D178X/D198X/D215X/D228X/D614G/E154X/E156X/E169X/E180X/E191X/E224X/E484K/F157X/F168X/F175X/F186X/F192X/F194X/F201X/F220X/F238X/F490S/G181X/G184X/G199X/G219X/G232X/G257S/H207X/I197X/I203X/I210X/I231X/I233X/I235X/K182X/K187X/K195X/K202X/K206X/L176X/L179X/L189X/L18F/L212X/L216X/L223X/L226X/L229X/L241X/L242X/M153X/M177X/N164X/N165X/N185X/N188X/N196X/N211X/N234X/N501T/P1140X/P174X/P209X/P217X/P225X/P230X/Q173X/Q183X/Q218X/Q239X/R158X/R190X/R214X/R237X/S151X/S155X/S161X/S162X/S172X/S205X/S221X/T167X/T208X/T236X/T240X/T859N/V159X/V171X/V193X/V213X/V227X/W152X/Y160X/Y170X/Y200X/Y204X
B.1.629,C1235F/D614G/D796Y/G142D/K182R/L452R/P681H/T478K
B.1.630,A222V/A262X/A263X/A264X/A288X/A292X/C136F/C291X/C301X/D287X/D290X/D294X/D614G/D950N/E281X/E298X/E309X/E484Q/F275X/F306X/G268X/G283X/G311X/H655Y/I285X/I312X/K300X/K304X/K310X/L270X/L276X/L293X/L296X/L303X/L452R/N280X/N282X/N317X/P272X/P295X/P9L/Q271X/Q314X/R273X/S297X/S305X/S316X/T274X/T284X/T286X/T299X/T302X/T307X/T315X/T478R/V267X/V289X/V308X/Y265X/Y266X/Y269X/Y279X/Y313X
B.1.633,D253N/D614G/D796H/E484A/L452R/P681R/S939F/T478K/T572N/T76I/T859N
B.1.637,D614G/D80G/D950H/F157S/L452R/T859N
B.1.637.1,A264V/D614G/D80G/D936H/D950H/E96Q/F157S/G446R/L452R/N978S/P681R/T478R/T859N
B.1.640.1,D614G/D936H/E96Q/F490R/I210T/N394S/N501Y/P681H/P9L/R190S/R346S/T859N/Y449N
B.1.640.2,D1139H/D215H/D614G/E484K/E96Q/F490S/L5F/N394S/N501Y/P681H/P9L/R190S/R346S/T859N
B.1.67,D614G
B.1.69,D614G
B.1.70,D614G
B.1.76,D614G
B.1.77,D614G/S247G
B.1.8,D614G
B.1.81,D614G
B.1.9,D614G
B.1.9.1,D614G/F1121L
B.1.9.4,D614G
B.1.9.5,D614G
B.1.91,D614G/D839Y
B.1.93,D614G
B.1.97,D614G
B.10,
B.11,
B.15,
B.18,
B.23,
B.26,
B.27,
B.28,
B.29,
B.3,
B.3.1,
B.31,
B.32,
B.33,
B.34,
B.35,
B.39,
B.4,
B.4.2,Q675R
B.4.7,
B.4.8,D614G
B.40,
B.41,
B.45,
B.47,
B.52,
B.55,
B.57,
B.58,
B.6,
B.60,
B.61,
BA.1,A411X/A419X/A435X/A67V/C432X/D420X/D427X/D428X/D442X/D467X/D614G/D796Y/E465X/E471X/E484A/F429X/F456X/F464X/G339D/G413X/G416X/G431X/G446X/G447X/G496S/H655Y/I410X/I418X/I434X/I468X/K417X/K424X/K444X/K458X/K462X/L425X/L441X/L452X/L455X/L461X/L981F/N422X/N437X/N439X/N440X/N448X/N450X/N460X/N501Y/N679K/N856K/N969K/P412X/P426X/P463X/P681H/Q409X/Q414X/Q493R/Q498R/Q954H/R214REPE/R408X/R454X/R457X/R466X/S371L/S373P/S375F/S438X/S443X/S459X/S469X/S477N/T415X/T430X/T470X/T478K/T547K/T95I/V433X/V445X/W436X/Y421X/Y423X/Y449X/Y451X/Y453X/Y505H
BA.1.1,A411X/A419X/A435X/A67V/C432X/D420X/D427X/D428X/D442X/D467X/D614G/D796Y/E465X/E471X/E484A/F429X/F456X/F464X/G339D/G413X/G416X/G431X/G446X/G447X/G496S/H655Y/I410X/I418X/I434X/I468X/K417X/K424X/K444X/K458X/K462X/L425X/L441X/L452X/L455X/L461X/L981F/N422X/N437X/N439X/N440X/N448X/N450X/N460X/N501Y/N679K/N856K/N969K/P412X/P426X/P463X/P681H/Q409X/Q414X/Q493R/Q498R/Q954H/R214REPE/R346K/R408X/R454X/R457X/R466X/S371L/S373P/S375F/S438X/S443X/S459X/S469X/S477N/T415X/T430X/T470X/T478K/T547K/T95I/V433X/V445X/W436X/Y421X/Y423X/Y449X/Y451X/Y453X/Y505H
BA.1.1.1,A67V/D614G/D796Y/E484A/G339D/H655Y/L981F/N679K/N764K/N856K/N969K/P681H/Q493R/Q954H/R214REPE/R346K/S371L/S373P/S375F/S477N/T478K/T547K/T95I
BA.1.1.10,A67V/D614G/D796Y/E484A/G339D/H655Y/L981F/N679K/N856K/N969K/P681H/Q493R/Q954H/R214REPE/R346K/S371L/S373P/S375F/S477N/T478K/T547K
BA.1.1.11,A67V/D614G/D796Y/E484A/G339D/H655Y/L981F/N679K/N764K/N856K/N969K/P681H/Q493R/Q954H/R346K/S371L/S373P/S375F/S477N/T478K/T547K/T95I
BA.1.1.12,A411X/A419X/A435X/A67V/C432X/D420X/D427X/D428X/D442X/D467X/D614G/D796Y/E465X/E471X/E484A/F429X/F456X/F464X/G339D/G413X/G416X/G431X/G446X/G447X/G496S/H655Y/I410X/I418X/I434X/I468X/K417X/K424X/K444X/K458X/K462X/L425X/L441X/L452X/L455X/L461X/L981F/N422X/N437X/N439X/N440X/N448X/N450X/N460X/N501Y/N679K/N856K/N969K/P412X/P426X/P463X/P681H/Q409X/Q414X/Q493R/Q498R/Q954H/R214REPE/R346K/R408X/R454X/R457X/R466X/S371L/S373P/S375F/S438X/S443X/S459X/S469X/S477N/T415X/T430X/T470X/T478K/T547K/T95I/V433X/V445X/W436X/Y421X/Y423X/Y449X/Y451X/Y453X/Y505H
BA.1.1.13,A411X/A419X/A435X/A67V/C432X/D420X/D427X/D428X/D442X/D467X/D614G/D796Y/E465X/E471X/E484A/F429X/F456X/F464X/G339D/G413X/G416X/G431X/G446X/G447X/G496S/H655Y/I410X/I418X/I434X/I468X/K417X/K424X/K444X/K458X/K462X/L425X/L441X/L452X/L455X/L461X/L981F/N422X/N437X/N439X/N440X/N448X/N450X/N460X/N501Y/N679K/N856K/N969K/P412X/P426X/P463X/P681H/Q409X/Q414X/Q493R/Q498R/Q954H/R214REPE/R346K/R408X/R454X/R457X/R466X/S371L/S373P/S375F/S438X/S443X/S459X/S469X/S477N/T415X/T430X/T470X/T478K/T547K/T95I/V433X/V445X/W436X/Y421X/Y423X/Y449X/Y451X/Y453X/Y505H
BA.1.1.14,A411X/A419X/A435X/A67V/C432X/D420X/D427X/D428X/D442X/D467X/D614G/D796Y/E465X/E471X/E484A/F429X/F456X/F464X/G339D/G413X/G416X/G431X/G446X/G447X/G496S/H655Y/I410X/I418X/I434X/I468X/K417X/K424X/K444X/K458X/K462X/L425X/L441X/L452X/L455X/L461X/L981F/N422X/N437X/N439X/N440X/N448X/N450X/N460X/N501Y/N679K/N856K/N969K/P412X/P426X/P463X/P681H/Q409X/Q414X/Q493R/Q498R/Q954H/R214REPE/R346K/R408X/R454X/R457X/R466X/S371L/S373P/S375F/S438X/S443X/S459X/S469X/S477N/T415X/T430X/T470X/T478K/T547K/T95I/V433X/V445X/W436X/Y421X/Y423X/Y449X/Y451X/Y453X/Y505H
BA.1.1.15,A411X/A419X/A435X/A67V/C432X/D420X/D427X/D428X/D442X/D467X/D614G/D796Y/E465X/E471X/E484A/F429X/F456X/F464X/G339D/G413X/G416X/G431X/G446X/G447X/G496S/H655Y/I410X/I418X/I434X/I468X/K417X/K424X/K444X/K458X/K462X/L425X/L441X/L452X/L455X/L461X/L981F/N422X/N437X/N439X/N440X/N448X/N450X/N460X/N501Y/N679K/N856K/N969K/P412X/P426X/P463X/P681H/Q409X/Q414X/Q493R/Q498R/Q954H/R214REPE/R346K/R408X/R454X/R457X/R466X/S371L/S373P/S375F/S438X/S443X/S459X/S469X/S477N/T415X/T430X/T470X/T478K/T547K/T95I/V433X/V445X/W436X/Y421X/Y423X/Y449X/Y451X/Y453X/Y505H
BA.1.1.16,A123X/A163X/A475X/A67X/A93X/C131X/C136X/C166X/C480X/C488X/D111X/D138X/D40X/D53X/D614G/D796Y/D80X/D88X/E132X/E154X/E156X/E169X/E484X/E96X/F106X/F133X/F135X/F140X/F157X/F168X/F175X/F43X/F486X/F490X/F497X/F55X/F58X/F59X/F65X/F79X/F86X/F92X/G103X/G107X/G142X/G339D/G446S/G476X/G482X/G485X/G496X/G502X/G504X/G72X/G75X/G89X/H146X/H49X/H655Y/H66X/H69X/I100X/I101X/I105X/I119X/I128X/I68X/K113X/K129X/K147X/K150X/K417N/K41X/K77X/K97X/L110X/L117X/L118X/L141X/L212X/L48X/L492X/L54X/L56X/L84X/L981F/M153X/N121X/N122X/N125X/N137X/N148X/N149X/N164X/N165X/N211X/N440K/N481X/N487X/N501X/N61X/N679K/N74X/N764K/N81X/N856K/N87X/N969K/N99X/P139X/P174X/P479X/P491X/P499X/P507X/P57X/P681H/P82X/P85X/Q115X/Q134X/Q173X/Q474X/Q493X/Q498X/Q506X/Q52X/Q954H/R102X/R158X/R346K/R44X/R78X/S112X/S116X/S151X/S155X/S161X/S162X/S172X/S371L/S373P/S45X/S46X/S477X/S494X/S50X/S60X/S71X/S94X/S98X/T108X/T109X/T114X/T124X/T167X/T478X/T500X/T51X/T547K/T63X/T73X/T76X/T95X/V120X/V126X/V127X/V130X/V143X/V159X/V171X/V42X/V47X/V483X/V503X/V62X/V70X/V83X/V90X/W104X/W152X/W64X/Y144X/Y145X/Y160X/Y170X/Y489X/Y495X/Y505X/Y508X/Y91X
BA.1.1.18,A67V/D614G/D796Y/E484A/G339D/H655Y/L981F/N679K/N856K/N969K/P681H/Q493R/Q954H/R346K/S477N/T478K/T547K
BA.1.1.2,A67V/D614G/D796Y/E484A/G339D/G496S/H655Y/L981F/N679K/N764K/N856K/N969K/P681H/Q493R/Q954H/S371L/S373P/S375F/S477N/T478K/T547K
BA.1.1.3,A123X/A163X/A475X/A67V/A93X/C131X/C136X/C166X/C480X/C488X/D111X/D138X/D178X/D614G/D796Y/D88X/E132X/E154X/E156X/E169X/E471X/E484X/E96X/F106X/F133X/F135X/F140X/F157X/F168X/F175X/F486X/F490X/F497X/F817X/F86X/F92X/G103X/G107X/G142X/G339D/G446S/G476X/G482X/G485X/G496X/G502X/G504X/G89X/H146X/H655Y/H69X/I100X/I101X/I105X/I119X/I128X/I472X/I68X/I818X/K113X/K129X/K147X/K150X/K417N/K811X/K814X/K97X/L110X/L117X/L118X/L141X/L176X/L179X/L212X/L492X/L981F/M153X/M177X/N121X/N122X/N125X/N137X/N148X/N149X/N164X/N165X/N211X/N440K/N481X/N487X/N501X/N679K/N764K/N856K/N87X/N969K/N99X/P139X/P174X/P479X/P491X/P499X/P507X/P681H/P812X/P85X/Q115X/Q134X/Q173X/Q474X/Q493X/Q498X/Q506X/Q954H/R102X/R158X/R346K/R815X/S112X/S116X/S151X/S155X/S161X/S162X/S172X/S371L/S373P/S477X/S494X/S813X/S816X/S94X/S98X/T108X/T109X/T114X/T124X/T167X/T470X/T478X/T500X/T547K/T791I/T95X/V120X/V126X/V127X/V130X/V143X/V159X/V171X/V483X/V503X/V70X/V90X/W104X/W152X/Y144X/Y145X/Y160X/Y170X/Y473X/Y489X/Y495X/Y505X/Y508X/Y91X
BA.1.1.4,A67V/D614G/D796Y/E484A/G339D/H655Y/L981F/N679K/N856K/N969K/P681H/Q493R/Q954H/R214REPE/R346K/S371L/S373P/S375F/S477N/T478K/T547K
BA.1.1.6,A411X/A419X/A435X/A67V/C432X/D420X/D427X/D428X/D442X/D467X/D614G/D796Y/E465X/E471X/E484A/F429X/F456X/F464X/G339D/G413X/G416X/G431X/G446X/G447X/G496S/H655Y/I410X/I418X/I434X/I468X/K417X/K424X/K444X/K458X/K462X/L425X/L441X/L452X/L455X/L461X/L981F/N422X/N437X/N439X/N440X/N448X/N450X/N460X/N501Y/N679K/N856K/N969K/P412X/P426X/P463X/P681H/Q409X/Q414X/Q493R/Q498R/Q954H/R214REPE/R346K/R408X/R454X/R457X/R466X/S371L/S373P/S375F/S438X/S443X/S459X/S469X/S477N/T415X/T430X/T470X/T478K/T547K/T95I/V433X/V445X/W436X/Y421X/Y423X/Y449X/Y451X/Y453X/Y505H
BA.1.1.7,A344X/A348X/A352X/A363X/A372X/A67X/C336X/C361X/C379X/C391X/D364X/D389X/D614G/D796Y/E324X/E340X/E484A/E96X/F318X/F329X/F338X/F342X/F347X/F374X/F377X/F392X/F86X/G339X/G381X/G446S/G496S/G72X/G89X/H655Y/H69X/I100X/I326X/I332X/I358X/I68X/K356X/K378X/K386X/K417N/K97X/L335X/L368X/L387X/L390X/L981F/N317X/N331X/N334X/N343X/N354X/N360X/N370X/N388X/N394X/N440K/N501Y/N679K/N764K/N87X/N969K/N99X/P322X/P330X/P337X/P384X/P681H/Q321X/Q493R/Q498R/Q954H/R214REPE/R319X/R328X/R346X/R355X/R357X/S325X/S349X/S359X/S366X/S371X/S373X/S375X/S383X/S477N/S71X/S98X/T323X/T333X/T345X/T376X/T385X/T393X/T478K/T547K/V320X/V327X/V341X/V350X/V362X/V367X/V382X/V395X/V70X/V90X/W353X/Y351X/Y365X/Y369X/Y380X/Y505H/Y91X
BA.1.1.8,A411X/A419X/A435X/A67V/C432X/D420X/D427X/D428X/D442X/D467X/D614G/D796Y/E465X/E471X/E484A/F429X/F456X/F464X/G339D/G413X/G416X/G431X/G446X/G447X/G496S/H655Y/I410X/I418X/I434X/I468X/K417X/K424X/K444X/K458X/K462X/L425X/L441X/L452X/L455X/L461X/L981F/N422X/N437X/N439X/N440X/N448X/N450X/N460X/N501Y/N679K/N764K/N856K/N969K/P412X/P426X/P463X/P681H/Q409X/Q414X/Q493R/Q498R/Q954H/R214REPE/R346K/R408X/R454X/R457X/R466X/S371L/S373P/S375F/S438X/S443X/S459X/S469X/S477N/T415X/T430X/T470X/T478K/T547K/T95I/V433X/V445X/W436X/Y421X/Y423X/Y449X/Y451X/Y453X/Y505H
BA.1.1.9,A411X/A419X/A435X/A67V/A766X/A771X/C432X/C738X/C743X/C749X/C760X/D420X/D427X/D428X/D442X/D467X/D614G/D745X/D796Y/E465X/E471X/E484A/E748X/F429X/F456X/F464X/F759X/G339D/G413X/G416X/G431X/G446X/G447X/G496S/G744X/G757X/G769X/H655Y/I410X/I418X/I434X/I468X/I742X/I770X/K417X/K424X/K444X/K458X/K462X/L425X/L441X/L452X/L455X/L461X/L752X/L753X/L754X/L763X/L767X/L981F/M740X/N422X/N437X/N439X/N440X/N448X/N450X/N460X/N501Y/N679K/N751X/N764X/N856K/N969K/P412X/P426X/P463X/P681H/Q409X/Q414X/Q493R/Q498R/Q755X/Q762X/Q954H/R214REPE/R346K/R408X/R454X/R457X/R466X/R765X/S371L/S373P/S375F/S438X/S443X/S459X/S469X/S477N/S746X/S750X/S758X/T415X/T430X/T470X/T478K/T547K/T739X/T747X/T761X/T768X/T95I/V433X/V445X/V772X/W436X/Y421X/Y423X/Y449X/Y451X/Y453X/Y505H/Y741X/Y756X
BA.1.10,A411X/A419X/A435X/A67V/C432X/D420X/D427X/D428X/D442X/D467X/D614G/D796Y/E465X/E471X/E484A/F429X/F456X/F464X/G339D/G413X/G416X/G431X/G446X/G447X/G496S/H655Y/I410X/I418X/I434X/I468X/K417X/K424X/K444X/K458X/K462X/L425X/L441X/L452X/L455X/L461X/L981F/N422X/N437X/N439X/N440X/N448X/N450X/N460X/N501Y/N679K/N856K/N969K/P412X/P426X/P463X/P681H/Q409X/Q414X/Q493R/Q498R/Q954H/R214REPE/R408X/R454X/R457X/R466X/S371L/S373P/S375F/S438X/S443X/S459X/S469X/S477N/T415X/T430X/T470X/T478K/T547K/T95I/V433X/V445X/W436X/Y421X/Y423X/Y449X/Y451X/Y453X/Y505H
BA.1.12,A411X/A419X/A435X/A67V/C432X/D420X/D427X/D428X/D442X/D467X/D614G/D796Y/E309Q/E465X/E471X/E484A/F429X/F456X/F464X/G339D/G413X/G416X/G431X/G446X/G447X/G496S/H655Y/I410X/I418X/I434X/I468X/K417X/K424X/K444X/K458X/K462X/L425X/L441X/L452X/L455X/L461X/L981F/N422X/N437X/N439X/N440X/N448X/N450X/N460X/N501Y/N679K/N856K/N969K/P412X/P426X/P463X/P681H/Q409X/Q414X/Q493R/Q498R/Q954H/R214REPE/R408X/R454X/R457X/R466X/S371L/S373P/S375F/S438X/S443X/S459X/S469X/S477N/T415X/T430X/T470X/T478K/T547K/T95I/V433X/V445X/W436X/Y421X/Y423X/Y449X/Y451X/Y453X/Y505H
BA.1.13,A67V/D442X/D467X/D614G/D796Y/E465X/E471X/E484A/F456X/F464X/G339D/G446X/G447X/H655Y/I468X/K444X/K458X/K462X/L441X/L452X/L455X/L461X/L981F/N437X/N439X/N440X/N448X/N450X/N460X/N679K/N764K/N856K/N969K/P463X/P681H/Q493R/Q954H/R214REPE/R454X/R457X/R466X/S371L/S373P/S375F/S438X/S443X/S459X/S469X/S477N/T470X/T478K/T547K/T95I/V445X/W436X/Y449X/Y451X/Y453X
BA.1.14,A411X/A419X/A435X/A67V/C432X/D420X/D427X/D428X/D442X/D467X/D614G/D796Y/E465X/E471X/E484A/F429X/F456X/F464X/G339D/G413X/G416X/G431X/G446X/G447X/G496S/H655Y/I410X/I418X/I434X/I468X/K417X/K424X/K444X/K458X/K462X/L425X/L441X/L452X/L455X/L461X/L981F/N422X/N437X/N439X/N440X/N448X/N450X/N460X/N501Y/N679K/N856K/N969K/P412X/P426X/P463X/P681H/Q409X/Q414X/Q493R/Q498R/Q954H/R214REPE/R408X/R454X/R457X/R466X/S371L/S373P/S375F/S438X/S443X/S459X/S469X/S477N/T415X/T430X/T470X/T478K/T547K/T95I/V433X/V445X/W436X/Y421X/Y423X/Y449X/Y451X/Y453X/Y505H
BA.1.14.1,A163X/A222X/A363X/A372X/A397X/A411X/A419X/A435X/A475X/A520X/A522X/A67V/C166X/C361X/C379X/C391X/C432X/C480X/C488X/D178X/D198X/D215X/D228X/D364X/D389X/D398X/D405X/D420X/D427X/D428X/D442X/D614G/D796Y/E156X/E169X/E180X/E191X/E224X/E406X/E471X/E484X/F157X/F168X/F175X/F186X/F192X/F194X/F201X/F220X/F374X/F377X/F392X/F400X/F429X/F486X/F490X/F497X/F515X/G181X/G184X/G199X/G219X/G339D/G381X/G404X/G413X/G416X/G431X/G446X/G447X/G476X/G482X/G485X/G496X/G502X/G504X/H207X/H519X/H655Y/I197X/I203X/I210X/I358X/I402X/I410X/I418X/I434X/I472X/K182X/K187X/K195X/K202X/K206X/K356X/K378X/K386X/K417X/K424X/K444X/L176X/L179X/L189X/L212X/L216X/L223X/L226X/L229X/L368X/L387X/L390X/L425X/L441X/L452X/L455X/L492X/L513X/L981F/M177X/N164X/N165X/N185X/N188X/N196X/N211X/N360X/N370X/N388X/N394X/N422X/N437X/N439X/N440X/N448X/N450X/N481X/N487X/N501X/N679K/N764K/N856K/N969K/P174X/P209X/P217X/P225X/P230X/P384X/P412X/P426X/P479X/P491X/P499X/P507X/P521X/P681H/Q173X/Q183X/Q218X/Q409X/Q414X/Q474X/Q493X/Q498X/Q506X/Q954H/R158X/R190X/R214X/R355X/R357X/R403X/R408X/R454X/R509X/S161X/S162X/S172X/S205X/S221X/S359X/S366X/S371X/S373X/S375X/S383X/S399X/S438X/S443X/S477X/S494X/S514X/T167X/T208X/T376X/T385X/T393X/T415X/T430X/T478X/T500X/T523X/T547K/T95I/V159X/V171X/V193X/V213X/V227X/V362X/V367X/V382X/V395X/V401X/V407X/V433X/V445X/V483X/V503X/V510X/V511X/V512X/W436X/Y160X/Y170X/Y200X/Y204X/Y365X/Y369X/Y380X/Y396X/Y421X/Y423X/Y449X/Y451X/Y453X/Y473X/Y489X/Y495X/Y505X/Y508X
BA.1.14.2,A411X/A419X/A435X/A67V/C432X/C738X/D420X/D427X/D428X/D442X/D467X/D614G/D796Y/E465X/E471X/E484A/F429X/F456X/F464X/G339D/G413X/G416X/G431X/G446X/G447X/G496S/H655Y/I410X/I418X/I434X/I468X/K417X/K424X/K444X/K458X/K462X/L425X/L441X/L452X/L455X/L461X/L981F/M740X/N422X/N437X/N439X/N440X/N448X/N450X/N460X/N501Y/N679K/N764K/N856K/N969K/P412X/P426X/P463X/P681H/Q409X/Q414X/Q493R/Q498R/Q954H/R214REPE/R408X/R454X/R457X/R466X/S371L/S373P/S375F/S438X/S443X/S459X/S469X/S477N/T415X/T430X/T470X/T478K/T547K/T739X/T95I/V433X/V445X/W436X/Y421X/Y423X/Y449X/Y451X/Y453X/Y505H
BA.1.15,A411X/A419X/A435X/A67V/C432X/D420X/D427X/D428X/D442X/D467X/D614G/D796Y/E465X/E471X/E484A/F429X/F456X/F464X/G339D/G413X/G416X/G431X/G446X/G447X/G496S/H655Y/I410X/I418X/I434X/I468X/K417X/K424X/K444X/K458X/K462X/L425X/L441X/L452X/L455X/L461X/L981F/N422X/N437X/N439X/N440X/N448X/N450X/N460X/N501Y/N679K/N856K/N969K/P412X/P426X/P463X/P681H/Q409X/Q414X/Q493R/Q498R/Q954H/R214REPE/R408X/R454X/R457X/R466X/S371L/S373P/S375F/S438X/S443X/S459X/S469X/S477N/T415X/T430X/T470X/T478K/T547K/T95I/V433X/V445X/W436X/Y421X/Y423X/Y449X/Y451X/Y453X/Y505H
BA.1.15.1,A411X/A419X/A435X/A67V/C432X/D420X/D427X/D428X/D442X/D467X/D614G/D796Y/E465X/E471X/E484A/F429X/F456X/F464X/G339D/G413X/G416X/G431X/G446X/G447X/G496S/H655Y/I1081V/I410X/I418X/I434X/I468X/K417X/K424X/K444X/K458X/K462X/L425X/L441X/L452X/L455X/L461X/L981F/N422X/N437X/N439X/N440X/N448X/N450X/N460X/N501Y/N679K/N856K/N969K/P412X/P426X/P463X/P681H/Q409X/Q414X/Q493R/Q498R/Q954H/R214REPE/R408X/R454X/R457X/R466X/S371L/S373P/S375F/S438X/S443X/S459X/S469X/S477N/T415X/T430X/T470X/T478K/T547K/T95I/V433X/V445X/W436X/Y421X/Y423X/Y449X/Y451X/Y453X/Y505H
BA.1.15.3,A67V/D614G/D796Y/E484A/G339D/G496S/H655Y/L981F/N679K/N764K/N856K/N969K/P681H/Q493R/Q954H/S371L/S373P/S477N/T547K
BA.1.16,A411X/A419X/A435X/A67V/C432X/D420X/D427X/D428X/D442X/D467X/D614G/D796Y/E465X/E471X/E484A/F429X/F456X/F464X/G339D/G413X/G416X/G431X/G446X/G447X/G496S/H655Y/I410X/I418X/I434X/I468X/K417X/K424X/K444X/K458X/K462X/L425X/L441X/L452X/L455X/L461X/L981F/N422X/N437X/N439X/N440X/N448X/N450X/N460X/N501Y/N679K/N856K/N969K/P412X/P426X/P463X/P681H/Q409X/Q414X/Q493R/Q498R/Q954H/R214REPE/R408X/R454X/R457X/R466X/S371L/S373P/S375F/S438X/S443X/S459X/S469X/S477N/T415X/T430X/T470X/T478K/T547K/T95I/V433X/V445X/W436X/Y421X/Y423X/Y449X/Y451X/Y453X/Y505H
BA.1.17,A411X/A419X/A435X/A67V/C432X/D420X/D427X/D428X/D442X/D467X/D614G/D796Y/E465X/E471X/E484A/F429X/F456X/F464X/G339D/G413X/G416X/G431X/G446X/G447X/G496S/H655Y/I410X/I418X/I434X/I468X/K417X/K424X/K444X/K458X/K462X/L425X/L441X/L452X/L455X/L461X/L981F/N422X/N437X/N439X/N440X/N448X/N450X/N460X/N501Y/N679K/N856K/N969K/P412X/P426X/P463X/P681H/Q409X/Q414X/Q493R/Q498R/Q954H/R214REPE/R408X/R454X/R457X/R466X/S371L/S373P/S375F/S438X/S443X/S459X/S469X/S477N/T415X/T430X/T470X/T478K/T547K/T95I/V433X/V445X/W436X/Y421X/Y423X/Y449X/Y451X/Y453X/Y505H
BA.1.17.2,A411X/A419X/A435X/A67V/A701V/C432X/D420X/D427X/D428X/D442X/D467X/D614G/D796Y/E465X/E471X/E484A/F429X/F456X/F464X/G339D/G413X/G416X/G431X/G446X/G447X/G496S/H655Y/I410X/I418X/I434X/I468X/K417X/K424X/K444X/K458X/K462X/L425X/L441X/L452X/L455X/L461X/L981F/N422X/N437X/N439X/N440X/N448X/N450X/N460X/N501Y/N679K/N856K/N969K/P412X/P426X/P463X/P681H/Q409X/Q414X/Q493R/Q498R/Q954H/R214REPE/R408X/R454X/R457X/R466X/S371L/S373P/S375F/S438X/S443X/S459X/S469X/S477N/T415X/T430X/T470X/T478K/T547K/T95I/V433X/V445X/W436X/Y421X/Y423X/Y449X/Y451X/Y453X/Y505H
BA.1.18,A411X/A419X/A435X/A67V/C432X/D420X/D427X/D428X/D442X/D467X/D614G/D796Y/E465X/E471X/E484A/F429X/F456X/F464X/G339D/G413X/G416X/G431X/G446X/G447X/G496S/H655Y/I410X/I418X/I434X/I468X/K417X/K424X/K444X/K458X/K462X/L425X/L441X/L452X/L455X/L461X/L981F/N422X/N437X/N439X/N440X/N448X/N450X/N460X/N501Y/N679K/N856K/N969K/P412X/P426X/P463X/P681H/Q409X/Q414X/Q493R/Q498R/Q954H/R214REPE/R408X/R454X/R457X/R466X/S371L/S373P/S375F/S438X/S443X/S459X/S469X/S477N/T415X/T430X/T470X/T478K/T547K/T95I/V433X/V445X/W436X/Y421X/Y423X/Y449X/Y451X/Y453X/Y505H
BA.1.19,A411X/A419X/A435X/A67V/C432X/D420X/D427X/D428X/D442X/D467X/D614G/D796Y/E465X/E471X/E484A/F429X/F456X/F464X/G339D/G413X/G416X/G431X/G446X/G447X/G496S/H655Y/I410X/I418X/I434X/I468X/K417X/K424X/K444X/K458X/K462X/L425X/L441X/L452X/L455X/L461X/L981F/N422X/N437X/N439X/N440X/N448X/N450X/N460X/N501Y/N679K/N856K/N969K/P412X/P426X/P463X/P681H/Q409X/Q414X/Q493R/Q498R/Q954H/R214REPE/R408X/R454X/R457X/R466X/S371L/S373P/S375F/S438X/S443X/S459X/S469X/S477N/T415X/T430X/T470X/T478K/T547K/T95I/V433X/V445X/W436X/Y421X/Y423X/Y449X/Y451X/Y453X/Y505H
BA.1.20,A67V/D614G/D796Y/E484A/G339D/H655Y/L981F/N679K/N856K/N969K/P681H/Q493R/Q954H/R214REPE/S371L/S373P/S375F/S477N/T478K/T547K
BA.1.21,A411X/A419X/A435X/A67V/C432X/D420X/D427X/D428X/D442X/D467X/D614G/D796Y/E465X/E471X/E484A/F429X/F456X/F464X/G339D/G413X/G416X/G431X/G446X/G447X/G496S/H655Y/I410X/I418X/I434X/I468X/K417X/K424X/K444X/K458X/K462X/L425X/L441X/L452X/L455X/L461X/L981F/N422X/N437X/N439X/N440X/N448X/N450X/N460X/N501Y/N679K/N856K/N969K/P412X/P426X/P463X/P681H/Q409X/Q414X/Q493R/Q498R/Q954H/R214REPE/R408X/R454X/R457X/R466X/S371L/S373P/S375F/S438X/S443X/S459X/S469X/S477N/T415X/T430X/T470X/T478K/T547K/T95I/V433X/V445X/W436X/Y421X/Y423X/Y449X/Y451X/Y453X/Y505H
BA.1.21.1,A67V/A93X/C166X/D178X/D614G/D796Y/D88X/E169X/E180X/E484A/F168X/F175X/F497X/F86X/F92X/G339D/G446S/G496X/G502X/G504X/G89X/H655Y/K417N/L176X/L179X/L84X/L981F/M177X/N440K/N501X/N679K/N764K/N81X/N856K/N87X/N969K/P174X/P499X/P507X/P681H/P82X/P85X/Q173X/Q493R/Q498X/Q506X/Q954H/R214REPE/R509X/S172X/S371L/S373P/S375F/S477N/S94X/T167X/T478K/T500X/T547K/T95X/V171X/V503X/V83X/V90X/Y170X/Y505X/Y508X/Y91X
BA.1.4,A411X/A419X/A435X/A67V/C432X/D420X/D427X/D428X/D442X/D467X/D614G/D796Y/E465X/E471X/E484A/F429X/F456X/F464X/G339D/G413X/G416X/G431X/G446X/G447X/G496S/H655Y/I410X/I418X/I434X/I468X/K417X/K424X/K444X/K458X/K462X/L425X/L441X/L452X/L455X/L461X/L981F/N422X/N437X/N439X/N440X/N448X/N450X/N460X/N501Y/N679K/N764K/N856K/N969K/P412X/P426X/P463X/P681H/Q409X/Q414X/Q493R/Q498R/Q954H/R214REPE/R408X/R454X/R457X/R466X/S371L/S373P/S375F/S438X/S443X/S459X/S469X/S477N/T415X/T430X/T470X/T478K/T547K/T95I/V433X/V445X/V597I/W436X/Y421X/Y423X/Y449X/Y451X/Y453X/Y505H
BA.1.5,A411X/A419X/A435X/A67V/A831V/C432X/D420X/D427X/D428X/D442X/D467X/D614G/D796Y/E465X/E471X/E484A/F429X/F456X/F464X/G339D/G413X/G416X/G431X/G446X/G447X/G496S/H655Y/I410X/I418X/I434X/I468X/K417X/K424X/K444X/K458X/K462X/L425X/L441X/L452X/L455X/L461X/L981F/N422X/N437X/N439X/N440X/N448X/N450X/N460X/N501Y/N679K/N856K/N969K/P412X/P426X/P463X/P681H/Q409X/Q414X/Q493R/Q498R/Q954H/R214REPE/R408X/R454X/R457X/R466X/S371L/S373P/S375F/S438X/S443X/S459X/S469X/S477N/T415X/T430X/T470X/T478K/T547K/T95I/V433X/V445X/W436X/Y421X/Y423X/Y449X/Y451X/Y453X/Y505H
BA.1.6,A411X/A419X/A435X/A67V/C432X/D420X/D427X/D428X/D442X/D467X/D614G/D796Y/E465X/E471X/E484A/F429X/F456X/F464X/G339D/G413X/G416X/G431X/G446X/G447X/G496S/H655Y/I410X/I418X/I434X/I468X/K417X/K424X/K444X/K458X/K462X/L425X/L441X/L452X/L455X/L461X/L981F/N422X/N437X/N439X/N440X/N448X/N450X/N460X/N501Y/N679K/N764K/N856K/N969K/P412X/P426X/P463X/P681H/Q409X/Q414X/Q493R/Q498R/Q954H/R214REPE/R408X/R454X/R457X/R466X/S371L/S373P/S375F/S438X/S443X/S459X/S469X/S477N/T415X/T430X/T470X/T478K/T547K/T95I/V433X/V445X/W436X/Y421X/Y423X/Y449X/Y451X/Y453X/Y505H
BA.1.7,A411X/A419X/A435X/A67V/C432X/D420X/D427X/D428X/D442X/D467X/D614G/D796Y/E465X/E471X/E484A/F429X/F456X/F464X/G339D/G413X/G416X/G431X/G446X/G447X/G496S/H655Y/I410X/I418X/I434X/I468X/K417X/K424X/K444X/K458X/K462X/L425X/L441X/L452X/L455X/L461X/L981F/N422X/N437X/N439X/N440X/N448X/N450X/N460X/N501Y/N679K/N856K/N969K/P412X/P426X/P463X/P681H/Q409X/Q414X/Q493R/Q498R/Q954H/R214REPE/R408X/R454X/R457X/R466X/S371L/S373P/S375F/S438X/S443X/S459X/S469X/S477N/T415X/T430X/T470X/T478K/T547K/T95I/V433X/V445X/W436X/Y421X/Y423X/Y449X/Y451X/Y453X/Y505H
BA.1.8,A411X/A419X/A435X/A67V/C432X/D420X/D427X/D428X/D442X/D614G/D796Y/E465X/E484A/F429X/F456X/F464X/G339D/G413X/G416X/G431X/G446X/G447X/G496S/H655Y/I410X/I418X/I434X/K417X/K424X/K444X/K458X/K462X/L425X/L441X/L452X/L455X/L461X/L981F/N422X/N437X/N439X/N440X/N448X/N450X/N460X/N501Y/N679K/N764K/N856K/N969K/P412X/P426X/P463X/P681H/P809S/Q409X/Q414X/Q493R/Q498R/Q954H/R214REPE/R408X/R454X/R457X/S371L/S373P/S375F/S438X/S443X/S459X/S477N/T415X/T430X/T478K/T547K/T95I/V433X/V445X/W436X/Y421X/Y423X/Y449X/Y451X/Y453X/Y505H
BA.1.9,A411X/A419X/A435X/A67V/A766X/A771X/C432X/C738X/C743X/C749X/C760X/D420X/D427X/D428X/D442X/D467X/D614G/D745X/D796Y/E465X/E471X/E484A/E748X/F429X/F456X/F464X/F759X/G339D/G413X/G416X/G431X/G446X/G447X/G496S/G744X/G757X/G769X/H655Y/I410X/I418X/I434X/I468X/I742X/I770X/K417X/K424X/K444X/K458X/K462X/L425X/L441X/L452X/L455X/L461X/L752X/L753X/L754X/L763X/L767X/L981F/M740X/N422X/N437X/N439X/N440X/N448X/N450X/N460X/N501Y/N679K/N751X/N764X/N856K/N969K/P412X/P426X/P463X/P681H/Q409X/Q414X/Q493R/Q498R/Q755X/Q762X/Q954H/R214REPE/R408X/R454X/R457X/R466X/R765X/S371L/S373P/S375F/S438X/S443X/S459X/S469X/S477N/S746X/S750X/S758X/T415X/T430X/T470X/T478K/T547K/T739X/T747X/T761X/T768X/T95I/V433X/V445X/V772X/W436X/Y421X/Y423X/Y449X/Y451X/Y453X/Y505H/Y741X/Y756X
BA.2,D405N/D614G/D796Y/E484A/G142D/G339D/H655Y/K417N/N679K/N764K/N969K/P681H/Q493R/Q954H/R408S/S371F/S373P/S375F/S477N/T19I/T376A/T478K/V213G
BA.2.10,D405N/D614G/D796Y/E484A/G142D/G339D/H655Y/K417N/N440K/N679K/N764K/N969K/P681H/Q954H/R408S/S371F/S373P/S375F/S477N/T19I/T376A/T478K/V213G
BA.2.3,D405N/D614G/D796Y/E484A/G142D/H655Y/N679K/N969K/P681H/Q493R/Q954H/S477N/T19I/T478K/V213G
BA.2.5,D405N/D614G/D796Y/E484A/G142D/G339D/H655Y/K417N/N440K/N501Y/N679K/N764K/N969K/P681H/Q493R/Q498R/Q954H/R408S/S371F/S373P/S375F/S477N/T19I/T376A/T478K/V213G/Y505H
BA.2.9,D405N/D614G/D796Y/E484A/G142D/G339D/H655Y/N501Y/N679K/N969K/P681H/Q493R/Q498R/Q954H/S371F/S373P/S375F/S477N/T19I/T376A/T478K/V213G/Y505H
BA.3,A67V/D405N/D614G/D796Y/E484A/G339D/H655Y/N501Y/N679K/N969K/P681H/Q493R/Q498R/Q954H/S371F/S373P/S375F/S477N/T478K/T95I/Y505H
BB.2,A222V/A871V/D614G/D950N/E484K/N501Y/P681H/R346K/S939F/T95I/V143VT/Y144S/Y145N
BD.1,A411X/A419X/A435X/A67V/A701V/C432X/D420X/D427X/D428X/D442X/D467X/D614G/D796Y/E465X/E471X/E484A/F429X/F456X/F464X/G339D/G413X/G416X/G431X/G446X/G447X/G496S/H655Y/I410X/I418X/I434X/I468X/K417X/K424X/K444X/K458X/K462X/L425X/L441X/L452X/L455X/L461X/L981F/N422X/N437X/N439X/N440X/N448X/N450X/N460X/N501Y/N679K/N856K/N969K/P412X/P426X/P463X/P681H/Q409X/Q414X/Q493R/Q498R/Q628K/Q954H/R214REPE/R408X/R454X/R457X/R466X/S371L/S373P/S375F/S438X/S443X/S459X/S469X/S477N/T415X/T430X/T470X/T478K/T547K/T95I/V433X/V445X/W436X/Y421X/Y423X/Y449X/Y451X/Y453X/Y505H
C.1,D614G/Q1106R
C.1.2,C136F/D215G/D614G/E484K/H655Y/N501Y/N679K/P25L/P9L/R190S/T716I/T859N/Y449H
C.16,D614G/L452R
C.18,D614G
C.2,D614G/N501T
C.27,D614G
C.28,D614G/H69X/I68X/K558M/L452R/N801X/Q677H/S12F/V642X
C.3,D614G/V213L
C.30,D614G/K1073N/S255F
C.35,D614G
C.36,D614G/Q677H
C.36.3,A899S/D614G/L452R/Q677H/R346S/S12F/W152R
C.36.3.1,A845S/A899S/D614G/L452R/Q677H/R346S/S12F/S477N/W152R
C.37,D614G/F490S/G75V/L452Q/T76I/T859N
C.37.1,D614G/F490S/G75V/L452Q/Q675H/R21I/T572I/T76I/T859N
C.38,A163X/C166X/D178X/D614G/D796Y/E154X/E156X/E169X/E180X/E191X/E484K/F157X/F168X/F175X/F186X/F192X/F194X/G181X/G184X/K182X/K187X/K195X/L176X/L179X/L189X/M153X/M177X/N164X/N165X/N185X/N188X/P174X/P9L/Q173X/Q183X/R158X/R190X/S151X/S155X/S161X/S162X/S172X/T167X/V159X/V171X/V193X/W152X/W64R/Y160X/Y170X
D.4,D614G
D.5,D614G
G.1,D614G/N439K
L.3,D614G/L452R/V1228L/Y1155F
M.3,D614G
N.5,A879S/D614G/H49Y/Q414R
NONE,A243X/D1118H/D614G/E484K/H245Y/H69X/I68X/L241X/L242X/N801X/P26S/P681H/S477N/T1027I/T240X/V126A/V70X/Y144X
P.1,D138Y/D614G/E484K/H655Y/K417T/L18F/N501Y/P26S/R190S/T1027I/T20N/V1176F
P.1.1,D138Y/D614G/E484K/H655Y/K417T/L18F/N501Y/P26S/R190S/T1027I/T20N/V1176F
P.1.10,D138Y/D614G/E484K/H655Y/K417T/L18F/N501Y/P26S/T1027I/T20N/V1176F
P.1.14,D138Y/D614G/E484K/H655Y/K417T/L18F/N501Y/P26S/R190S/T1027I/T20N/V1176F
P.1.15,D138Y/D614G/E484K/H655Y/K417T/L18F/N501Y/P26S/R190S/T1027I/T20N/V1176F
P.1.16,D138Y/D614G/E484K/H655Y/K417T/L18F/N501Y/P26S/R190S/T1027I/T20N/V1176F
P.1.17,D138Y/D614G/E484K/H655Y/K417T/L18F/N501Y/P26S/R190S/T1027I/T20N/V1176F
P.1.17.1,D138Y/D614G/E484K/H49Y/H655Y/K417T/L18F/N501Y/P26S/R190S/T1027I/T20N/V1176F
P.1.2,D138Y/D614G/E484K/H655Y/K417T/L18F/N501Y/P26S/T1027I/T20N/V1176F
P.1.7,D138Y/D614G/E484K/H655Y/K417T/L18F/N501Y/P26S/P681H/R190S/T1027I/T20N/V1176F
P.1.8,C1235F/D138Y/D614G/E484K/E583D/H655Y/K417T/L18F/N501Y/P26S/P681R/R190S/T1027I/T20N/T470N/V1176F
P.2,D614G/E484K/V1176F
P.3,A163X/C166X/D178X/D614G/E1092K/E154X/E156X/E169X/E180X/E191X/E484K/F157X/F168X/F175X/F186X/F192X/G181X/G184X/H1101Y/K182X/K187X/L176X/L179X/L189X/M153X/M177X/N164X/N165X/N185X/N188X/N501Y/P174X/P681H/Q173X/Q183X/R158X/R190X/S151X/S155X/S161X/S162X/S172X/T167X/V1176F/V159X/V171X/V193X/W152X/Y160X/Y170X/Y265C
Q.1,A570D/D1118H/D614G/N501Y/P681H/S982A/T716I
Q.2,A570D/D1118H/D614G/N501Y/P681H/S982A/T716I
Q.3,A570D/D1118H/D614G/H69X/I68X/N501Y/N801X/P681H/S982A/T716I/V1228L/V70X/Y144X
Q.4,A570D/D1118H/D614G/N501Y/P681R/S982A/T716I
Q.6,A570D/D1118H/D614G/H69X/I68X/N501Y/N801X/P681H/S982A/T716I/V70X/Y144X
Q.7,A570D/D1118H/D614G/N501Y/P681H/S982A/T716I
Q.8,A570D/D1118H/D614G/N501Y/P681H/S982A/T716I
R.1,D614G/E484K/G769V/W152L
S.1,D614G
U.1,A222V/D614G/L18F
U.3,A222V/D614G/L18F
UNASSIGNED,
V.1,A222V/D614G
V.2,A222V/D614G
W.1,A222V/D614G
W.3,A222V/D614G/M1229T
W.4,A222V/D614G
XA,A570D/D1118H/D614G/N501Y/P681H/S982A/T549I/T716I
XB,A688V/D614G/L18R/N440K/P681H/R158S/S735A/T1027I/T95I
Y.1,A222V/D614G/E324V/P1162R
Z.1,A222V/D614G
